timestamp,model_name,param__logit__C,param__logit__penalty,metric__auc_train,metric__auc_val,metric__auc_test,metric__cv_auc_mean,metric__pr_auc_val,metric__brier_val,metric__best_threshold_f1,metric__f1_best_val,metric__best_threshold_j,metric__tpr_j,metric__tnr_j,metric__naive_acc_val,metric__acc_default_val,metric__acc_f1_val,notes
2025-12-10T17:29:03,logit_baseline_v1,100.0,l2,0.624165496852771,0.6067652132705361,0.6158889549163005,0.6204948483633743,0.3796726301447096,0.2407692157305721,0.44182585247242756,0.4679399727148705,0.4536492352017718,0.7349342999546896,0.4227522935779816,0.7117670105785555,0.5827347525140394,0.4906621392190153,GLM baseline with class_weight=balanced; features = glm_features from feature_config_clean.csv; thresholds: F1-opt & Youden's J on validation.
2025-12-10T21:00:38,rf_baseline_v1,600,2,4,sqrt,20,0.9870443655933041,0.6458456204819528,0.6651902350030011,0.9673093715650825,0.42349303954092465,0.435140836940333,0.12153304344459992,0.20640590575575135,0.20360483818123912,0.6670360355863604,Tree-based model with config-driven preprocessing (MedianFromConfigImputer + OHE).
2025-12-10T21:26:00,dt_baseline_v1,2,1,,5,0.6479440945953538,0.6239780431737216,0.6291115467313231,0.4061299254915539,0.3788284393197271,0.3794185867690145,0.23208558378347624,0.2371230837801796,0.23646914578013503,0.6369692053683144,Tree-based model with config-driven preprocessing (MedianFromConfigImputer + OHE).
2025-12-10T21:31:31,rf_baseline_v1,600,2,4,sqrt,20,0.9870443655933041,0.6458456204819528,0.6651902350030011,0.9673093715650825,0.42349303954092465,0.435140836940333,0.12153304344459992,0.20640590575575135,0.20360483818123912,0.6670360355863604,Tree-based model with config-driven preprocessing (MedianFromConfigImputer + OHE).
2025-12-10T21:32:44,xgb_baseline_v1,1.0,5,3,0.2,1.0,1.0,0.7358559205208608,0.6472275453831222,0.6729216763891545,0.5382197753292444,0.4292965005749757,0.4445796969645729,0.20980365085530447,0.2294007934024691,0.225317111883312,,Tree-based model with config-driven preprocessing (MedianFromConfigImputer + OHE).
2025-12-10T21:35:34,lgbm_baseline_v1,0.7,15,50,7,0.03,0.7,0.7227196971778173,0.6565292251925691,0.6737300480775427,0.5267711200328318,0.43530030770654127,0.4467652826436185,0.17989480003491792,0.1918384119244766,0.18914075861773605,0.6755446855675473,Tree-based model with config-driven preprocessing (MedianFromConfigImputer + OHE).
2025-12-10T23:09:24,dt_baseline_v1,3,,1,2,0.6223921976507479,0.36814786758102575,0.23701961953013506,0.6134188549361289,0.3667029987376731,0.2382461202947065,0.6212827266888257,0.36770710930886263,0.23794917592834008,,/Users/audreychang/Projects/Capstone-Seminar-Paper/artifacts/meta/dt_baseline_v1.pkl,tree_family=DecisionTreeClassifier
2025-12-10T23:36:32,rf_baseline_v1,10,sqrt,1,2,200,0.7844758404881602,0.6341561688926338,0.205952347180061,0.6459692471410815,0.42277199740385196,0.22647302870585162,0.6592208360899016,0.43406813891931617,0.22495848575798627,,/Users/audreychang/Projects/Capstone-Seminar-Paper/artifacts/meta/rf_baseline_v1.pkl,tree_family=RandomForestClassifier
2025-12-10T23:42:20,dt_baseline_v1,3,,1,2,0.6223921976507479,0.36814786758102575,0.23701961953013506,0.6134188549361289,0.3667029987376731,0.2382461202947065,0.6212827266888257,0.36770710930886263,0.23794917592834008,,/Users/audreychang/Projects/Capstone-Seminar-Paper/models/dt_baseline_v1.pkl,tree_family=DecisionTreeClassifier
2025-12-10T23:54:42,xgb_baseline_v1,0.7,0.0,0.03,3,1,0.7,0.7006120348702318,0.4870664904569666,0.22107475192298087,0.6547623283713622,0.4299190752303429,0.22949625370049792,0.6694281807264739,0.4413813078980021,0.22789381417845014,,/Users/audreychang/Projects/Capstone-Seminar-Paper/artifacts/meta/xgb_baseline_v1.pkl,tree_family=XGBClassifier
2025-12-11T00:23:14,rf_baseline_v1,15,sqrt,1,2,300,0.9590259942189929,0.9255393749501866,0.1403798891263251,0.640456179878036,0.41585645588782993,0.21113434404435866,0.6551605243302423,0.42570954939061567,0.20895054641548097,,/Users/audreychang/Projects/Capstone-Seminar-Paper/models/rf_baseline_v1.pkl,tree_family=RandomForestClassifier
2025-12-11T00:51:16,xgb_baseline_v1,0.7,0.0,0.03,3,1,0.7,0.7006120348702318,0.4870664904569666,0.22107475192298087,0.6547623283713622,0.4299190752303429,0.22949625370049792,0.6694281807264739,0.4413813078980021,0.22789381417845014,,/Users/audreychang/Projects/Capstone-Seminar-Paper/models/xgb_baseline_v1.pkl,tree_family=XGBClassifier
2025-12-13T05:08:17,logit_baseline_v1,100.0,l2,0.6241656037620933,0.6067621371532613,0.6158881236857726,0.620494905684429,0.37967147735233425,0.2407692409606373,0.44182183229481686,0.4679399727148705,0.45364009094433044,0.7349342999546896,0.4227522935779816,0.7117670105785555,0.5827347525140394,0.4906621392190153,GLM baseline with class_weight=balanced; features = glm_features from feature_config_clean.csv; thresholds: F1-opt & Youden's J on validation.
2025-12-13T14:49:03,logit_baseline_v1,100.0,l2,0.6241656037620933,0.6067621371532613,0.6158881236857726,0.620494905684429,0.37967147735233425,0.2407692409606373,0.44182183229481686,0.4679399727148705,0.45364009094433044,0.7349342999546896,0.4227522935779816,0.7117670105785555,0.5827347525140394,0.4906621392190153,GLM baseline with class_weight=balanced; features = glm_features from feature_config_clean.csv; thresholds: F1-opt & Youden's J on validation.
2025-12-14T01:17:02,logit_baseline_v1,100.0,l2,0.6241656037620933,0.6067621371532613,0.6158881236857726,0.620494905684429,0.37967147735233425,0.2407692409606373,0.44182183229481686,0.4679399727148705,0.45364009094433044,0.7349342999546896,0.4227522935779816,0.7117670105785555,0.5827347525140394,0.4906621392190153,GLM baseline with class_weight=balanced; features = glm_features from feature_config_clean.csv; thresholds: F1-opt & Youden's J on validation.
2025-12-14T01:23:37,logit_baseline_v1,100.0,l2,0.6241656037620933,0.6067621371532613,0.6158881236857726,0.620494905684429,0.37967147735233425,0.2407692409606373,0.44182183229481686,0.4679399727148705,0.45364009094433044,0.7349342999546896,0.4227522935779816,0.7117670105785555,0.5827347525140394,0.4906621392190153,GLM baseline with class_weight=balanced; features = glm_features from feature_config_clean.csv; thresholds: F1-opt & Youden's J on validation.
2025-12-18T01:47:40,04_dt_baseline_val,val,0.5,0.6284944068165041,0.40209275583061727,0.24000844148812406,0.3674345958609918,0.6397008837525493,0.466765873015873,2014,1620,530,941,dt_baseline,dt_baseline on val set
2025-12-18T01:47:40,04_dt_baseline_test,test,0.5,0.6266709493053557,0.39239774570934316,0.2379736762359986,0.3664795509222133,0.6213460231135283,0.4610340479192938,2054,1580,557,914,dt_baseline,dt_baseline on test set
2025-12-18T01:47:41,04_rf_baseline_val,val,0.5,0.6490694988452216,0.4213723969604998,0.23096958590148978,0.3689469638739431,0.6526172671651937,0.47139700466486617,1992,1642,511,960,rf_baseline,rf_baseline on val set
2025-12-18T01:47:41,04_rf_baseline_test,test,0.5,0.6524870669674241,0.42527168140002636,0.228746042200181,0.378111418411695,0.6505778382053025,0.4782608695652174,2060,1574,514,957,rf_baseline,rf_baseline on test set
2025-12-18T01:47:41,04_xgb_baseline_val,val,0.5,0.6541887423970381,0.4311603399514665,0.22660256922245026,0.3891102257636122,0.5975526852481305,0.471313672922252,2254,1380,592,879,xgb_baseline,xgb_baseline on val set
2025-12-18T01:47:41,04_xgb_baseline_test,test,0.5,0.6646605983896331,0.4454419870005016,0.22317233681678772,0.39686800894854585,0.6029911624745071,0.4786832164058284,2286,1348,584,887,xgb_baseline,xgb_baseline on test set
2025-12-18T01:47:41,04_xgb_optuna_val,val,0.5,0.6585722425899065,0.4374896301265007,0.22838358581066132,0.390625,0.628823929299796,0.4818963271685335,2191,1443,546,925,xgb_optuna,xgb_optuna on val set
2025-12-18T01:47:41,04_xgb_optuna_test,test,0.5,0.6699829056119653,0.44635834380388456,0.22509939968585968,0.3952198036705079,0.6295037389530931,0.4855794441531201,2217,1417,545,926,xgb_optuna,xgb_optuna on test set
2025-12-18T01:47:41,04_lgbm_small_val,val,0.5,0.650935888749169,0.43476591268942155,0.22422767611579247,0.3841519925857275,0.5635622025832767,0.4568751722237531,2305,1329,642,829,lgbm_small,lgbm_small on val set
2025-12-18T01:47:41,04_lgbm_small_test,test,0.5,0.6686438639228347,0.44482537151982415,0.22034312830822306,0.4018867924528302,0.5791978246091094,0.47451963241436923,2366,1268,619,852,lgbm_small,lgbm_small on test set
2025-12-18T02:03:02,04_dt_baseline_val,val,0.5,0.6284944068165041,0.40209275583061727,0.24000844148812406,0.3674345958609918,0.6397008837525493,0.466765873015873,2014,1620,530,941,dt_baseline,dt_baseline on val set
2025-12-18T02:03:02,04_dt_baseline_test,test,0.5,0.6266709493053557,0.39239774570934316,0.2379736762359986,0.3664795509222133,0.6213460231135283,0.4610340479192938,2054,1580,557,914,dt_baseline,dt_baseline on test set
2025-12-18T02:03:02,04_rf_baseline_val,val,0.5,0.6490694988452216,0.4213723969604998,0.23096958590148978,0.3689469638739431,0.6526172671651937,0.47139700466486617,1992,1642,511,960,rf_baseline,rf_baseline on val set
2025-12-18T02:03:02,04_rf_baseline_test,test,0.5,0.6524870669674241,0.42527168140002636,0.228746042200181,0.378111418411695,0.6505778382053025,0.4782608695652174,2060,1574,514,957,rf_baseline,rf_baseline on test set
2025-12-18T02:03:02,04_xgb_baseline_val,val,0.5,0.6541887423970381,0.4311603399514665,0.22660256922245026,0.3891102257636122,0.5975526852481305,0.471313672922252,2254,1380,592,879,xgb_baseline,xgb_baseline on val set
2025-12-18T02:03:02,04_xgb_baseline_test,test,0.5,0.6646605983896331,0.4454419870005016,0.22317233681678772,0.39686800894854585,0.6029911624745071,0.4786832164058284,2286,1348,584,887,xgb_baseline,xgb_baseline on test set
2025-12-18T02:03:02,04_xgb_optuna_val,val,0.5,0.6585722425899065,0.4374896301265007,0.22838358581066132,0.390625,0.628823929299796,0.4818963271685335,2191,1443,546,925,xgb_optuna,xgb_optuna on val set
2025-12-18T02:03:03,04_xgb_optuna_test,test,0.5,0.6699829056119653,0.44635834380388456,0.22509939968585968,0.3952198036705079,0.6295037389530931,0.4855794441531201,2217,1417,545,926,xgb_optuna,xgb_optuna on test set
2025-12-18T02:03:03,04_lgbm_small_val,val,0.5,0.650935888749169,0.43476591268942155,0.22422767611579247,0.3841519925857275,0.5635622025832767,0.4568751722237531,2305,1329,642,829,lgbm_small,lgbm_small on val set
2025-12-18T02:03:03,04_lgbm_small_test,test,0.5,0.6686438639228347,0.44482537151982415,0.22034312830822306,0.4018867924528302,0.5791978246091094,0.47451963241436923,2366,1268,619,852,lgbm_small,lgbm_small on test set
2025-12-18T02:34:09,04_dt_baseline_val,val,0.5,0.6139247053752852,0.37968214407672785,0.2433672351843699,0.371548900327562,0.539768864717879,0.4401330376940133,2291,1343,677,794,dt_baseline,dt_baseline on val set
2025-12-18T02:34:09,04_dt_baseline_test,test,0.5,0.6246819355082502,0.38599587990426076,0.24004199712953028,0.37865911237016053,0.5452073419442556,0.44692114795207577,2318,1316,669,802,dt_baseline,dt_baseline on test set
2025-12-18T02:34:10,04_rf_baseline_val,val,0.5,0.6451079333449815,0.4171429647297998,0.22969897188949795,0.37394451145958985,0.6322229775662814,0.46993431025770593,2077,1557,541,930,rf_baseline,rf_baseline on val set
2025-12-18T02:34:10,04_rf_baseline_test,test,0.5,0.652396712519834,0.42501880246389556,0.22676704686363428,0.3765432098765432,0.6220258327668253,0.4691104844911561,2119,1515,556,915,rf_baseline,rf_baseline on test set
2025-12-18T02:34:10,04_xgb_baseline_val,val,0.5,0.6433784781317917,0.4252571061023343,0.22974558174610138,0.3777874945343244,0.5873555404486743,0.45981905268759976,2211,1423,607,864,xgb_baseline,xgb_baseline on val set
2025-12-18T02:34:10,04_xgb_baseline_test,test,0.5,0.663460362083757,0.4386323273913733,0.22436867654323578,0.39284116331096197,0.5968728755948335,0.47382622773880195,2277,1357,593,878,xgb_baseline,xgb_baseline on test set
2025-12-18T02:34:10,04_lgbm_small_val,val,0.5,0.6410129874697275,0.427760422677993,0.22700819117316454,0.3814102564102564,0.566281441196465,0.4558139534883721,2283,1351,638,833,lgbm_small,lgbm_small on val set
2025-12-18T02:34:10,04_lgbm_small_test,test,0.5,0.6598628333433727,0.44112554415807864,0.22215878816932785,0.3949930458970793,0.5791978246091094,0.4696802646085998,2329,1305,619,852,lgbm_small,lgbm_small on test set
2025-12-18T02:51:46,04_dt_baseline_val,val,0.5,0.6139247053752852,0.37968214407672785,0.2433672351843699,0.371548900327562,0.539768864717879,0.4401330376940133,2291,1343,677,794,dt_baseline,dt_baseline on val set
2025-12-18T02:51:46,04_dt_baseline_test,test,0.5,0.6246819355082502,0.38599587990426076,0.24004199712953028,0.37865911237016053,0.5452073419442556,0.44692114795207577,2318,1316,669,802,dt_baseline,dt_baseline on test set
2025-12-18T02:51:46,04_rf_baseline_val,val,0.5,0.6451079333449815,0.4171429647297998,0.22969897188949795,0.37394451145958985,0.6322229775662814,0.46993431025770593,2077,1557,541,930,rf_baseline,rf_baseline on val set
2025-12-18T02:51:46,04_rf_baseline_test,test,0.5,0.652396712519834,0.42501880246389556,0.22676704686363428,0.3765432098765432,0.6220258327668253,0.4691104844911561,2119,1515,556,915,rf_baseline,rf_baseline on test set
2025-12-18T02:51:46,04_xgb_baseline_val,val,0.5,0.6433784781317917,0.4252571061023343,0.22974558174610138,0.3777874945343244,0.5873555404486743,0.45981905268759976,2211,1423,607,864,xgb_baseline,xgb_baseline on val set
2025-12-18T02:51:46,04_xgb_baseline_test,test,0.5,0.663460362083757,0.4386323273913733,0.22436867654323578,0.39284116331096197,0.5968728755948335,0.47382622773880195,2277,1357,593,878,xgb_baseline,xgb_baseline on test set
2025-12-18T02:51:47,04_lgbm_small_val,val,0.5,0.6410129874697275,0.427760422677993,0.22700819117316454,0.3814102564102564,0.566281441196465,0.4558139534883721,2283,1351,638,833,lgbm_small,lgbm_small on val set
2025-12-18T02:51:47,04_lgbm_small_test,test,0.5,0.6598628333433727,0.44112554415807864,0.22215878816932785,0.3949930458970793,0.5791978246091094,0.4696802646085998,2329,1305,619,852,lgbm_small,lgbm_small on test set
2025-12-18T02:54:40,04_dt_baseline_val,val,0.5,0.6139247053752852,0.37968214407672785,0.2433672351843699,0.371548900327562,0.539768864717879,0.4401330376940133,2291,1343,677,794,dt_baseline,dt_baseline on val set
2025-12-18T02:54:40,04_dt_baseline_test,test,0.5,0.6246819355082502,0.38599587990426076,0.24004199712953028,0.37865911237016053,0.5452073419442556,0.44692114795207577,2318,1316,669,802,dt_baseline,dt_baseline on test set
2025-12-18T02:54:40,04_rf_baseline_val,val,0.5,0.6451079333449815,0.4171429647297998,0.22969897188949795,0.37394451145958985,0.6322229775662814,0.46993431025770593,2077,1557,541,930,rf_baseline,rf_baseline on val set
2025-12-18T02:54:40,04_rf_baseline_test,test,0.5,0.652396712519834,0.42501880246389556,0.22676704686363428,0.3765432098765432,0.6220258327668253,0.4691104844911561,2119,1515,556,915,rf_baseline,rf_baseline on test set
2025-12-18T02:54:40,04_xgb_baseline_val,val,0.5,0.6433784781317917,0.4252571061023343,0.22974558174610138,0.3777874945343244,0.5873555404486743,0.45981905268759976,2211,1423,607,864,xgb_baseline,xgb_baseline on val set
2025-12-18T02:54:40,04_xgb_baseline_test,test,0.5,0.663460362083757,0.4386323273913733,0.22436867654323578,0.39284116331096197,0.5968728755948335,0.47382622773880195,2277,1357,593,878,xgb_baseline,xgb_baseline on test set
2025-12-18T02:54:40,04_xgb_optuna_val,val,0.5,0.6508440377475815,0.42669981856859607,0.23192010819911957,0.37986361813076613,0.6437797416723318,0.47780020181634714,2088,1546,524,947,xgb_optuna,xgb_optuna on val set
2025-12-18T02:54:40,04_xgb_optuna_test,test,0.5,0.6607920063064785,0.4390168925699838,0.22799795866012573,0.3791411042944785,0.6301835486063903,0.4734422880490296,2116,1518,544,927,xgb_optuna,xgb_optuna on test set
2025-12-18T02:54:40,04_lgbm_small_val,val,0.5,0.6410129874697275,0.427760422677993,0.22700819117316454,0.3814102564102564,0.566281441196465,0.4558139534883721,2283,1351,638,833,lgbm_small,lgbm_small on val set
2025-12-18T02:54:40,04_lgbm_small_test,test,0.5,0.6598628333433727,0.44112554415807864,0.22215878816932785,0.3949930458970793,0.5791978246091094,0.4696802646085998,2329,1305,619,852,lgbm_small,lgbm_small on test set
2025-12-18T03:01:05,04_dt_baseline_val,val,0.5,0.6139247053752852,0.37968214407672785,0.2433672351843699,0.371548900327562,0.539768864717879,0.4401330376940133,2291,1343,677,794,dt_baseline,dt_baseline on val set
2025-12-18T03:01:05,04_dt_baseline_test,test,0.5,0.6246819355082502,0.38599587990426076,0.24004199712953028,0.37865911237016053,0.5452073419442556,0.44692114795207577,2318,1316,669,802,dt_baseline,dt_baseline on test set
2025-12-18T03:01:05,04_rf_baseline_val,val,0.5,0.6451079333449815,0.4171429647297998,0.22969897188949795,0.37394451145958985,0.6322229775662814,0.46993431025770593,2077,1557,541,930,rf_baseline,rf_baseline on val set
2025-12-18T03:01:05,04_rf_baseline_test,test,0.5,0.652396712519834,0.42501880246389556,0.22676704686363428,0.3765432098765432,0.6220258327668253,0.4691104844911561,2119,1515,556,915,rf_baseline,rf_baseline on test set
2025-12-18T03:01:05,04_xgb_baseline_val,val,0.5,0.6433784781317917,0.4252571061023343,0.22974558174610138,0.3777874945343244,0.5873555404486743,0.45981905268759976,2211,1423,607,864,xgb_baseline,xgb_baseline on val set
2025-12-18T03:01:05,04_xgb_baseline_test,test,0.5,0.663460362083757,0.4386323273913733,0.22436867654323578,0.39284116331096197,0.5968728755948335,0.47382622773880195,2277,1357,593,878,xgb_baseline,xgb_baseline on test set
2025-12-18T03:01:05,04_xgb_optuna_val,val,0.5,0.6508440377475815,0.42669981856859607,0.23192010819911957,0.37986361813076613,0.6437797416723318,0.47780020181634714,2088,1546,524,947,xgb_optuna,xgb_optuna on val set
2025-12-18T03:01:05,04_xgb_optuna_test,test,0.5,0.6607920063064785,0.4390168925699838,0.22799795866012573,0.3791411042944785,0.6301835486063903,0.4734422880490296,2116,1518,544,927,xgb_optuna,xgb_optuna on test set
2025-12-18T03:01:05,04_lgbm_small_val,val,0.5,0.6410129874697275,0.427760422677993,0.22700819117316454,0.3814102564102564,0.566281441196465,0.4558139534883721,2283,1351,638,833,lgbm_small,lgbm_small on val set
2025-12-18T03:01:06,04_lgbm_small_test,test,0.5,0.6598628333433727,0.44112554415807864,0.22215878816932785,0.3949930458970793,0.5791978246091094,0.4696802646085998,2329,1305,619,852,lgbm_small,lgbm_small on test set
2025-12-18T03:08:47,04_dt_baseline_val,val,0.5,0.6139247053752852,0.37968214407672785,0.2433672351843699,0.371548900327562,0.539768864717879,0.4401330376940133,2291,1343,677,794,dt_baseline,dt_baseline on val set
2025-12-18T03:08:47,04_dt_baseline_test,test,0.5,0.6246819355082502,0.38599587990426076,0.24004199712953028,0.37865911237016053,0.5452073419442556,0.44692114795207577,2318,1316,669,802,dt_baseline,dt_baseline on test set
2025-12-18T03:08:47,04_rf_baseline_val,val,0.5,0.6451079333449815,0.4171429647297998,0.22969897188949795,0.37394451145958985,0.6322229775662814,0.46993431025770593,2077,1557,541,930,rf_baseline,rf_baseline on val set
2025-12-18T03:08:47,04_rf_baseline_test,test,0.5,0.652396712519834,0.42501880246389556,0.22676704686363428,0.3765432098765432,0.6220258327668253,0.4691104844911561,2119,1515,556,915,rf_baseline,rf_baseline on test set
2025-12-18T03:08:47,04_xgb_baseline_val,val,0.5,0.6433784781317917,0.4252571061023343,0.22974558174610138,0.3777874945343244,0.5873555404486743,0.45981905268759976,2211,1423,607,864,xgb_baseline,xgb_baseline on val set
2025-12-18T03:08:47,04_xgb_baseline_test,test,0.5,0.663460362083757,0.4386323273913733,0.22436867654323578,0.39284116331096197,0.5968728755948335,0.47382622773880195,2277,1357,593,878,xgb_baseline,xgb_baseline on test set
2025-12-18T03:08:47,04_xgb_optuna_val,val,0.5,0.6508440377475815,0.42669981856859607,0.23192010819911957,0.37986361813076613,0.6437797416723318,0.47780020181634714,2088,1546,524,947,xgb_optuna,xgb_optuna on val set
2025-12-18T03:08:47,04_xgb_optuna_test,test,0.5,0.6607920063064785,0.4390168925699838,0.22799795866012573,0.3791411042944785,0.6301835486063903,0.4734422880490296,2116,1518,544,927,xgb_optuna,xgb_optuna on test set
2025-12-18T03:08:47,04_lgbm_small_val,val,0.5,0.6410129874697275,0.427760422677993,0.22700819117316454,0.3814102564102564,0.566281441196465,0.4558139534883721,2283,1351,638,833,lgbm_small,lgbm_small on val set
2025-12-18T03:08:47,04_lgbm_small_test,test,0.5,0.6598628333433727,0.44112554415807864,0.22215878816932785,0.3949930458970793,0.5791978246091094,0.4696802646085998,2329,1305,619,852,lgbm_small,lgbm_small on test set
2025-12-18T08:16:03,04_dt_baseline_val,val,0.5,0.6125574162294546,0.37847281002191735,0.24330370207138508,0.3713751169317119,0.539768864717879,0.4400110834026046,2290,1344,677,794,dt_baseline,dt_baseline on val set
2025-12-18T08:16:03,04_dt_baseline_test,test,0.5,0.6242932991420631,0.38615576508575283,0.2399253015149342,0.3789673140691615,0.5438477226376615,0.44667783361250696,2323,1311,671,800,dt_baseline,dt_baseline on test set
2025-12-18T08:16:03,04_rf_baseline_val,val,0.5,0.6455363219267235,0.4185280200169743,0.23023327571649102,0.3749010292953286,0.6437797416723318,0.47385539154365774,2055,1579,524,947,rf_baseline,rf_baseline on val set
2025-12-18T08:16:03,04_rf_baseline_test,test,0.5,0.6505205950149038,0.42353881374683194,0.22765111898985868,0.3742994395516413,0.6356220258327668,0.47115142353237593,2071,1563,536,935,rf_baseline,rf_baseline on test set
2025-12-18T08:16:04,04_xgb_baseline_val,val,0.5,0.6470863777294806,0.4304019037109624,0.2285585254430771,0.38349514563106796,0.5907545887151597,0.4650789403264651,2237,1397,602,869,xgb_baseline,xgb_baseline on val set
2025-12-18T08:16:04,04_xgb_baseline_test,test,0.5,0.6601380122096359,0.4369520574593586,0.22529205679893494,0.39473684210526316,0.601631543167913,0.4767034742795583,2277,1357,586,885,xgb_baseline,xgb_baseline on test set
2025-12-18T08:16:04,04_xgb_optuna_val,val,0.5,0.6520592395934313,0.4302897557522213,0.22956430912017822,0.3818715904322283,0.6186267845003399,0.4722366372599896,2161,1473,561,910,xgb_optuna,xgb_optuna on val set
2025-12-18T08:16:04,04_xgb_optuna_test,test,0.5,0.661341054554257,0.4364441917538392,0.2265927493572235,0.39038785834738615,0.6295037389530931,0.4819151704397606,2188,1446,545,926,xgb_optuna,xgb_optuna on test set
2025-12-18T08:16:04,04_lgbm_small_val,val,0.5,0.6437962037663026,0.42732049589432397,0.22678773329174773,0.3890959925442684,0.5676410605030592,0.4617085982858723,2323,1311,636,835,lgbm_small,lgbm_small on val set
2025-12-18T08:16:04,04_lgbm_small_test,test,0.5,0.6584652389790957,0.4368624202311522,0.22253875178942237,0.39711359404096835,0.5798776342624066,0.4714009394860459,2339,1295,618,853,lgbm_small,lgbm_small on test set
2025-12-18T08:25:17,04_dt_baseline_val,val,0.5,0.6125574162294546,0.37847281002191735,0.24330370207138508,0.3713751169317119,0.539768864717879,0.4400110834026046,2290,1344,677,794,dt_baseline,dt_baseline on val set
2025-12-18T08:25:17,04_dt_baseline_test,test,0.5,0.6242932991420631,0.38615576508575283,0.2399253015149342,0.3789673140691615,0.5438477226376615,0.44667783361250696,2323,1311,671,800,dt_baseline,dt_baseline on test set
2025-12-18T08:25:17,04_rf_baseline_val,val,0.5,0.6455363219267235,0.4185280200169743,0.23023327571649102,0.3749010292953286,0.6437797416723318,0.47385539154365774,2055,1579,524,947,rf_baseline,rf_baseline on val set
2025-12-18T08:25:17,04_rf_baseline_test,test,0.5,0.6505205950149038,0.42353881374683194,0.22765111898985868,0.3742994395516413,0.6356220258327668,0.47115142353237593,2071,1563,536,935,rf_baseline,rf_baseline on test set
2025-12-18T08:25:17,04_xgb_baseline_val,val,0.5,0.6470863777294806,0.4304019037109624,0.2285585254430771,0.38349514563106796,0.5907545887151597,0.4650789403264651,2237,1397,602,869,xgb_baseline,xgb_baseline on val set
2025-12-18T08:25:17,04_xgb_baseline_test,test,0.5,0.6601380122096359,0.4369520574593586,0.22529205679893494,0.39473684210526316,0.601631543167913,0.4767034742795583,2277,1357,586,885,xgb_baseline,xgb_baseline on test set
2025-12-18T08:25:17,04_xgb_optuna_val,val,0.5,0.6520592395934313,0.4302897557522213,0.22956430912017822,0.3818715904322283,0.6186267845003399,0.4722366372599896,2161,1473,561,910,xgb_optuna,xgb_optuna on val set
2025-12-18T08:25:17,04_xgb_optuna_test,test,0.5,0.661341054554257,0.4364441917538392,0.2265927493572235,0.39038785834738615,0.6295037389530931,0.4819151704397606,2188,1446,545,926,xgb_optuna,xgb_optuna on test set
2025-12-18T08:25:17,04_lgbm_small_val,val,0.5,0.6437962037663026,0.42732049589432397,0.22678773329174773,0.3890959925442684,0.5676410605030592,0.4617085982858723,2323,1311,636,835,lgbm_small,lgbm_small on val set
2025-12-18T08:25:17,04_lgbm_small_test,test,0.5,0.6584652389790957,0.4368624202311522,0.22253875178942237,0.39711359404096835,0.5798776342624066,0.4714009394860459,2339,1295,618,853,lgbm_small,lgbm_small on test set
2025-12-18T08:31:14,04_dt_baseline_val,val,0.5,0.6125574162294546,0.37847281002191735,0.24330370207138508,0.3713751169317119,0.539768864717879,0.4400110834026046,2290,1344,677,794,dt_baseline,dt_baseline on val set
2025-12-18T08:31:14,04_dt_baseline_test,test,0.5,0.6242932991420631,0.38615576508575283,0.2399253015149342,0.3789673140691615,0.5438477226376615,0.44667783361250696,2323,1311,671,800,dt_baseline,dt_baseline on test set
2025-12-18T08:31:14,04_rf_baseline_val,val,0.5,0.6455363219267235,0.4185280200169743,0.23023327571649102,0.3749010292953286,0.6437797416723318,0.47385539154365774,2055,1579,524,947,rf_baseline,rf_baseline on val set
2025-12-18T08:31:14,04_rf_baseline_test,test,0.5,0.6505205950149038,0.42353881374683194,0.22765111898985868,0.3742994395516413,0.6356220258327668,0.47115142353237593,2071,1563,536,935,rf_baseline,rf_baseline on test set
2025-12-18T08:31:14,04_xgb_baseline_val,val,0.5,0.6470863777294806,0.4304019037109624,0.2285585254430771,0.38349514563106796,0.5907545887151597,0.4650789403264651,2237,1397,602,869,xgb_baseline,xgb_baseline on val set
2025-12-18T08:31:14,04_xgb_baseline_test,test,0.5,0.6601380122096359,0.4369520574593586,0.22529205679893494,0.39473684210526316,0.601631543167913,0.4767034742795583,2277,1357,586,885,xgb_baseline,xgb_baseline on test set
2025-12-18T08:31:14,04_xgb_optuna_val,val,0.5,0.6520592395934313,0.4302897557522213,0.22956430912017822,0.3818715904322283,0.6186267845003399,0.4722366372599896,2161,1473,561,910,xgb_optuna,xgb_optuna on val set
2025-12-18T08:31:14,04_xgb_optuna_test,test,0.5,0.661341054554257,0.4364441917538392,0.2265927493572235,0.39038785834738615,0.6295037389530931,0.4819151704397606,2188,1446,545,926,xgb_optuna,xgb_optuna on test set
2025-12-18T08:31:14,04_lgbm_small_val,val,0.5,0.6437962037663026,0.42732049589432397,0.22678773329174773,0.3890959925442684,0.5676410605030592,0.4617085982858723,2323,1311,636,835,lgbm_small,lgbm_small on val set
2025-12-18T08:31:14,04_lgbm_small_test,test,0.5,0.6584652389790957,0.4368624202311522,0.22253875178942237,0.39711359404096835,0.5798776342624066,0.4714009394860459,2339,1295,618,853,lgbm_small,lgbm_small on test set
2025-12-18T11:03:05,04_dt_baseline_val,val,0.5,0.6123913922703734,0.3785132912663149,0.24333328262299891,0.37120149602618047,0.539768864717879,0.43988919667590026,2289,1345,677,794,dt_baseline,dt_baseline on val set
2025-12-18T11:03:05,04_dt_baseline_test,test,0.5,0.6243578380331989,0.38635084292660815,0.23988713192312575,0.3791469194312796,0.5438477226376615,0.4468025691147724,2324,1310,671,800,dt_baseline,dt_baseline on test set
2025-12-18T11:03:05,04_rf_baseline_val,val,0.5,0.6455636340371751,0.4185204091124486,0.23022714729979954,0.3749010292953286,0.6437797416723318,0.47385539154365774,2055,1579,524,947,rf_baseline,rf_baseline on val set
2025-12-18T11:03:05,04_rf_baseline_test,test,0.5,0.6505254588153953,0.4235489445801611,0.22765040430757105,0.3742994395516413,0.6356220258327668,0.47115142353237593,2071,1563,536,935,rf_baseline,rf_baseline on test set
2025-12-18T11:03:05,04_xgb_baseline_val,val,0.5,0.6470863777294806,0.4304019037109624,0.2285585254430771,0.38349514563106796,0.5907545887151597,0.4650789403264651,2237,1397,602,869,xgb_baseline,xgb_baseline on val set
2025-12-18T11:03:05,04_xgb_baseline_test,test,0.5,0.6601380122096359,0.4369520574593586,0.22529205679893494,0.39473684210526316,0.601631543167913,0.4767034742795583,2277,1357,586,885,xgb_baseline,xgb_baseline on test set
2025-12-18T11:03:05,04_xgb_optuna_val,val,0.5,0.6520592395934313,0.4302897557522213,0.22956430912017822,0.3818715904322283,0.6186267845003399,0.4722366372599896,2161,1473,561,910,xgb_optuna,xgb_optuna on val set
2025-12-18T11:03:05,04_xgb_optuna_test,test,0.5,0.661341054554257,0.4364441917538392,0.2265927493572235,0.39038785834738615,0.6295037389530931,0.4819151704397606,2188,1446,545,926,xgb_optuna,xgb_optuna on test set
2025-12-18T11:03:05,04_lgbm_small_val,val,0.5,0.6412739490730157,0.4242233126480014,0.22700775996546832,0.38317757009345793,0.557443915703603,0.45416782054832455,2314,1320,651,820,lgbm_small,lgbm_small on val set
2025-12-18T11:03:05,04_lgbm_small_test,test,0.5,0.6563910151387661,0.4340038122215934,0.22324715389756872,0.39732348869404704,0.5853161114887832,0.47333699835074217,2328,1306,610,861,lgbm_small,lgbm_small on test set
2025-12-18T11:26:09,04_dt_baseline_val,val,0.5,0.6284944068165041,0.40209275583061727,0.24000844148812406,0.3674345958609918,0.6397008837525493,0.466765873015873,2014,1620,530,941,dt_baseline,dt_baseline on val set
2025-12-18T11:26:09,04_dt_baseline_test,test,0.5,0.6266709493053557,0.39239774570934316,0.2379736762359986,0.3664795509222133,0.6213460231135283,0.4610340479192938,2054,1580,557,914,dt_baseline,dt_baseline on test set
2025-12-18T11:26:09,04_rf_baseline_val,val,0.5,0.6490694988452216,0.4213723969604998,0.23096958590148978,0.3689469638739431,0.6526172671651937,0.47139700466486617,1992,1642,511,960,rf_baseline,rf_baseline on val set
2025-12-18T11:26:09,04_rf_baseline_test,test,0.5,0.6524870669674241,0.42527168140002636,0.228746042200181,0.378111418411695,0.6505778382053025,0.4782608695652174,2060,1574,514,957,rf_baseline,rf_baseline on test set
2025-12-18T11:26:09,04_xgb_baseline_val,val,0.5,0.6541887423970381,0.4311603399514665,0.22660256922245026,0.3891102257636122,0.5975526852481305,0.471313672922252,2254,1380,592,879,xgb_baseline,xgb_baseline on val set
2025-12-18T11:26:10,04_xgb_baseline_test,test,0.5,0.6646605983896331,0.4454419870005016,0.22317233681678772,0.39686800894854585,0.6029911624745071,0.4786832164058284,2286,1348,584,887,xgb_baseline,xgb_baseline on test set
2025-12-18T11:26:10,04_xgb_optuna_val,val,0.5,0.6585722425899065,0.4374896301265007,0.22838358581066132,0.390625,0.628823929299796,0.4818963271685335,2191,1443,546,925,xgb_optuna,xgb_optuna on val set
2025-12-18T11:26:10,04_xgb_optuna_test,test,0.5,0.6699829056119653,0.44635834380388456,0.22509939968585968,0.3952198036705079,0.6295037389530931,0.4855794441531201,2217,1417,545,926,xgb_optuna,xgb_optuna on test set
2025-12-18T11:26:10,04_lgbm_small_val,val,0.5,0.650935888749169,0.43476591268942155,0.22422767611579247,0.3841519925857275,0.5635622025832767,0.4568751722237531,2305,1329,642,829,lgbm_small,lgbm_small on val set
2025-12-18T11:26:10,04_lgbm_small_test,test,0.5,0.6686438639228347,0.44482537151982415,0.22034312830822306,0.4018867924528302,0.5791978246091094,0.47451963241436923,2366,1268,619,852,lgbm_small,lgbm_small on test set
2025-12-18T11:32:01,04_dt_baseline_val,val,0.5,0.6139247053752852,0.37968214407672785,0.2433672351843699,0.371548900327562,0.539768864717879,0.4401330376940133,2291,1343,677,794,dt_baseline,dt_baseline on val set
2025-12-18T11:32:01,04_dt_baseline_test,test,0.5,0.6246819355082502,0.38599587990426076,0.24004199712953028,0.37865911237016053,0.5452073419442556,0.44692114795207577,2318,1316,669,802,dt_baseline,dt_baseline on test set
2025-12-18T11:32:01,04_rf_baseline_val,val,0.5,0.6451079333449815,0.4171429647297998,0.22969897188949795,0.37394451145958985,0.6322229775662814,0.46993431025770593,2077,1557,541,930,rf_baseline,rf_baseline on val set
2025-12-18T11:32:01,04_rf_baseline_test,test,0.5,0.652396712519834,0.42501880246389556,0.22676704686363428,0.3765432098765432,0.6220258327668253,0.4691104844911561,2119,1515,556,915,rf_baseline,rf_baseline on test set
2025-12-18T11:32:01,04_xgb_baseline_val,val,0.5,0.6433784781317917,0.4252571061023343,0.22974558174610138,0.3777874945343244,0.5873555404486743,0.45981905268759976,2211,1423,607,864,xgb_baseline,xgb_baseline on val set
2025-12-18T11:32:01,04_xgb_baseline_test,test,0.5,0.663460362083757,0.4386323273913733,0.22436867654323578,0.39284116331096197,0.5968728755948335,0.47382622773880195,2277,1357,593,878,xgb_baseline,xgb_baseline on test set
2025-12-18T11:32:02,04_xgb_optuna_val,val,0.5,0.6508440377475815,0.42669981856859607,0.23192010819911957,0.37986361813076613,0.6437797416723318,0.47780020181634714,2088,1546,524,947,xgb_optuna,xgb_optuna on val set
2025-12-18T11:32:02,04_xgb_optuna_test,test,0.5,0.6607920063064785,0.4390168925699838,0.22799795866012573,0.3791411042944785,0.6301835486063903,0.4734422880490296,2116,1518,544,927,xgb_optuna,xgb_optuna on test set
2025-12-18T11:32:02,04_lgbm_small_val,val,0.5,0.6410129874697275,0.427760422677993,0.22700819117316454,0.3814102564102564,0.566281441196465,0.4558139534883721,2283,1351,638,833,lgbm_small,lgbm_small on val set
2025-12-18T11:32:02,04_lgbm_small_test,test,0.5,0.6598628333433727,0.44112554415807864,0.22215878816932785,0.3949930458970793,0.5791978246091094,0.4696802646085998,2329,1305,619,852,lgbm_small,lgbm_small on test set
2025-12-18T12:02:56,04_dt_baseline_val,val,0.5,0.6139247053752852,0.37968214407672785,0.2433672351843699,0.371548900327562,0.539768864717879,0.4401330376940133,2291,1343,677,794,dt_baseline,dt_baseline on val set
2025-12-18T12:02:56,04_dt_baseline_test,test,0.5,0.6246819355082502,0.38599587990426076,0.24004199712953028,0.37865911237016053,0.5452073419442556,0.44692114795207577,2318,1316,669,802,dt_baseline,dt_baseline on test set
2025-12-18T12:02:56,04_rf_baseline_val,val,0.5,0.6451079333449815,0.4171429647297998,0.22969897188949795,0.37394451145958985,0.6322229775662814,0.46993431025770593,2077,1557,541,930,rf_baseline,rf_baseline on val set
2025-12-18T12:02:56,04_rf_baseline_test,test,0.5,0.652396712519834,0.42501880246389556,0.22676704686363428,0.3765432098765432,0.6220258327668253,0.4691104844911561,2119,1515,556,915,rf_baseline,rf_baseline on test set
2025-12-18T12:02:56,04_xgb_baseline_val,val,0.5,0.6433784781317917,0.4252571061023343,0.22974558174610138,0.3777874945343244,0.5873555404486743,0.45981905268759976,2211,1423,607,864,xgb_baseline,xgb_baseline on val set
2025-12-18T12:02:56,04_xgb_baseline_test,test,0.5,0.663460362083757,0.4386323273913733,0.22436867654323578,0.39284116331096197,0.5968728755948335,0.47382622773880195,2277,1357,593,878,xgb_baseline,xgb_baseline on test set
2025-12-18T12:02:56,04_xgb_optuna_val,val,0.5,0.6508440377475815,0.42669981856859607,0.23192010819911957,0.37986361813076613,0.6437797416723318,0.47780020181634714,2088,1546,524,947,xgb_optuna,xgb_optuna on val set
2025-12-18T12:02:56,04_xgb_optuna_test,test,0.5,0.6607920063064785,0.4390168925699838,0.22799795866012573,0.3791411042944785,0.6301835486063903,0.4734422880490296,2116,1518,544,927,xgb_optuna,xgb_optuna on test set
2025-12-18T12:02:56,04_lgbm_small_val,val,0.5,0.6410129874697275,0.427760422677993,0.22700819117316454,0.3814102564102564,0.566281441196465,0.4558139534883721,2283,1351,638,833,lgbm_small,lgbm_small on val set
2025-12-18T12:02:56,04_lgbm_small_test,test,0.5,0.6598628333433727,0.44112554415807864,0.22215878816932785,0.3949930458970793,0.5791978246091094,0.4696802646085998,2329,1305,619,852,lgbm_small,lgbm_small on test set
2025-12-18T12:10:36,04_dt_baseline_val,val,0.5,0.6284944068165041,0.40209275583061727,0.24000844148812406,0.3674345958609918,0.6397008837525493,0.466765873015873,2014,1620,530,941,dt_baseline,dt_baseline on val set
2025-12-18T12:10:36,04_dt_baseline_test,test,0.5,0.6266709493053557,0.39239774570934316,0.2379736762359986,0.3664795509222133,0.6213460231135283,0.4610340479192938,2054,1580,557,914,dt_baseline,dt_baseline on test set
2025-12-18T12:10:36,04_rf_baseline_val,val,0.5,0.6490694988452216,0.4213723969604998,0.23096958590148978,0.3689469638739431,0.6526172671651937,0.47139700466486617,1992,1642,511,960,rf_baseline,rf_baseline on val set
2025-12-18T12:10:37,04_rf_baseline_test,test,0.5,0.6524870669674241,0.42527168140002636,0.228746042200181,0.378111418411695,0.6505778382053025,0.4782608695652174,2060,1574,514,957,rf_baseline,rf_baseline on test set
2025-12-18T12:10:37,04_xgb_baseline_val,val,0.5,0.6541887423970381,0.4311603399514665,0.22660256922245026,0.3891102257636122,0.5975526852481305,0.471313672922252,2254,1380,592,879,xgb_baseline,xgb_baseline on val set
2025-12-18T12:10:37,04_xgb_baseline_test,test,0.5,0.6646605983896331,0.4454419870005016,0.22317233681678772,0.39686800894854585,0.6029911624745071,0.4786832164058284,2286,1348,584,887,xgb_baseline,xgb_baseline on test set
2025-12-18T12:10:37,04_xgb_optuna_val,val,0.5,0.6585722425899065,0.4374896301265007,0.22838358581066132,0.390625,0.628823929299796,0.4818963271685335,2191,1443,546,925,xgb_optuna,xgb_optuna on val set
2025-12-18T12:10:37,04_xgb_optuna_test,test,0.5,0.6699829056119653,0.44635834380388456,0.22509939968585968,0.3952198036705079,0.6295037389530931,0.4855794441531201,2217,1417,545,926,xgb_optuna,xgb_optuna on test set
2025-12-18T12:10:37,04_lgbm_small_val,val,0.5,0.650935888749169,0.43476591268942155,0.22422767611579247,0.3841519925857275,0.5635622025832767,0.4568751722237531,2305,1329,642,829,lgbm_small,lgbm_small on val set
2025-12-18T12:10:37,04_lgbm_small_test,test,0.5,0.6686438639228347,0.44482537151982415,0.22034312830822306,0.4018867924528302,0.5791978246091094,0.47451963241436923,2366,1268,619,852,lgbm_small,lgbm_small on test set
2025-12-18T13:00:09,04_dt_baseline_val,val,0.5,0.6284944068165041,0.40209275583061727,0.24000844148812406,0.3674345958609918,0.6397008837525493,0.466765873015873,2014,1620,530,941,dt_baseline,dt_baseline on val set
2025-12-18T13:00:09,04_dt_baseline_test,test,0.5,0.6266709493053557,0.39239774570934316,0.2379736762359986,0.3664795509222133,0.6213460231135283,0.4610340479192938,2054,1580,557,914,dt_baseline,dt_baseline on test set
2025-12-18T13:00:09,04_rf_baseline_val,val,0.5,0.6490694988452216,0.4213723969604998,0.23096958590148978,0.3689469638739431,0.6526172671651937,0.47139700466486617,1992,1642,511,960,rf_baseline,rf_baseline on val set
2025-12-18T13:00:10,04_rf_baseline_test,test,0.5,0.6524870669674241,0.42527168140002636,0.228746042200181,0.378111418411695,0.6505778382053025,0.4782608695652174,2060,1574,514,957,rf_baseline,rf_baseline on test set
2025-12-18T13:00:10,04_xgb_baseline_val,val,0.5,0.6541887423970381,0.4311603399514665,0.22660256922245026,0.3891102257636122,0.5975526852481305,0.471313672922252,2254,1380,592,879,xgb_baseline,xgb_baseline on val set
2025-12-18T13:00:10,04_xgb_baseline_test,test,0.5,0.6646605983896331,0.4454419870005016,0.22317233681678772,0.39686800894854585,0.6029911624745071,0.4786832164058284,2286,1348,584,887,xgb_baseline,xgb_baseline on test set
2025-12-18T13:00:10,04_xgb_optuna_val,val,0.5,0.6585722425899065,0.4374896301265007,0.22838358581066132,0.390625,0.628823929299796,0.4818963271685335,2191,1443,546,925,xgb_optuna,xgb_optuna on val set
2025-12-18T13:00:10,04_xgb_optuna_test,test,0.5,0.6699829056119653,0.44635834380388456,0.22509939968585968,0.3952198036705079,0.6295037389530931,0.4855794441531201,2217,1417,545,926,xgb_optuna,xgb_optuna on test set
2025-12-18T13:00:10,04_lgbm_small_val,val,0.5,0.650935888749169,0.43476591268942155,0.22422767611579247,0.3841519925857275,0.5635622025832767,0.4568751722237531,2305,1329,642,829,lgbm_small,lgbm_small on val set
2025-12-18T13:00:10,04_lgbm_small_test,test,0.5,0.6686438639228347,0.44482537151982415,0.22034312830822306,0.4018867924528302,0.5791978246091094,0.47451963241436923,2366,1268,619,852,lgbm_small,lgbm_small on test set
2025-12-18T13:03:47,04_dt_baseline_val,val,0.5,0.6284944068165041,0.40209275583061727,0.24000844148812406,0.3674345958609918,0.6397008837525493,0.466765873015873,2014,1620,530,941,dt_baseline,dt_baseline on val set
2025-12-18T13:03:47,04_dt_baseline_test,test,0.5,0.6266709493053557,0.39239774570934316,0.2379736762359986,0.3664795509222133,0.6213460231135283,0.4610340479192938,2054,1580,557,914,dt_baseline,dt_baseline on test set
2025-12-18T13:03:47,04_rf_baseline_val,val,0.5,0.6490694988452216,0.4213723969604998,0.23096958590148978,0.3689469638739431,0.6526172671651937,0.47139700466486617,1992,1642,511,960,rf_baseline,rf_baseline on val set
2025-12-18T13:03:47,04_rf_baseline_test,test,0.5,0.6524870669674241,0.42527168140002636,0.228746042200181,0.378111418411695,0.6505778382053025,0.4782608695652174,2060,1574,514,957,rf_baseline,rf_baseline on test set
2025-12-18T13:03:47,04_xgb_baseline_val,val,0.5,0.6541887423970381,0.4311603399514665,0.22660256922245026,0.3891102257636122,0.5975526852481305,0.471313672922252,2254,1380,592,879,xgb_baseline,xgb_baseline on val set
2025-12-18T13:03:47,04_xgb_baseline_test,test,0.5,0.6646605983896331,0.4454419870005016,0.22317233681678772,0.39686800894854585,0.6029911624745071,0.4786832164058284,2286,1348,584,887,xgb_baseline,xgb_baseline on test set
2025-12-18T13:03:47,04_xgb_optuna_val,val,0.5,0.6585722425899065,0.4374896301265007,0.22838358581066132,0.390625,0.628823929299796,0.4818963271685335,2191,1443,546,925,xgb_optuna,xgb_optuna on val set
2025-12-18T13:03:47,04_xgb_optuna_test,test,0.5,0.6699829056119653,0.44635834380388456,0.22509939968585968,0.3952198036705079,0.6295037389530931,0.4855794441531201,2217,1417,545,926,xgb_optuna,xgb_optuna on test set
2025-12-18T13:03:48,04_lgbm_small_val,val,0.5,0.650935888749169,0.43476591268942155,0.22422767611579247,0.3841519925857275,0.5635622025832767,0.4568751722237531,2305,1329,642,829,lgbm_small,lgbm_small on val set
2025-12-18T13:03:48,04_lgbm_small_test,test,0.5,0.6686438639228347,0.44482537151982415,0.22034312830822306,0.4018867924528302,0.5791978246091094,0.47451963241436923,2366,1268,619,852,lgbm_small,lgbm_small on test set
2025-12-18T14:05:17,04_dt_baseline_val,val,0.5,0.6284944068165041,0.40209275583061727,0.24000844148812406,0.3674345958609918,0.6397008837525493,0.466765873015873,2014,1620,530,941,dt_baseline,dt_baseline on val set
2025-12-18T14:05:17,04_dt_baseline_test,test,0.5,0.6266709493053557,0.39239774570934316,0.2379736762359986,0.3664795509222133,0.6213460231135283,0.4610340479192938,2054,1580,557,914,dt_baseline,dt_baseline on test set
2025-12-18T14:05:17,04_rf_baseline_val,val,0.5,0.6490694988452216,0.4213723969604998,0.23096958590148978,0.3689469638739431,0.6526172671651937,0.47139700466486617,1992,1642,511,960,rf_baseline,rf_baseline on val set
2025-12-18T14:05:17,04_rf_baseline_test,test,0.5,0.6524870669674241,0.42527168140002636,0.228746042200181,0.378111418411695,0.6505778382053025,0.4782608695652174,2060,1574,514,957,rf_baseline,rf_baseline on test set
2025-12-18T14:05:17,04_xgb_baseline_val,val,0.5,0.6541887423970381,0.4311603399514665,0.22660256922245026,0.3891102257636122,0.5975526852481305,0.471313672922252,2254,1380,592,879,xgb_baseline,xgb_baseline on val set
2025-12-18T14:05:17,04_xgb_baseline_test,test,0.5,0.6646605983896331,0.4454419870005016,0.22317233681678772,0.39686800894854585,0.6029911624745071,0.4786832164058284,2286,1348,584,887,xgb_baseline,xgb_baseline on test set
2025-12-18T14:05:17,04_xgb_optuna_val,val,0.5,0.6585722425899065,0.4374896301265007,0.22838358581066132,0.390625,0.628823929299796,0.4818963271685335,2191,1443,546,925,xgb_optuna,xgb_optuna on val set
2025-12-18T14:05:17,04_xgb_optuna_test,test,0.5,0.6699829056119653,0.44635834380388456,0.22509939968585968,0.3952198036705079,0.6295037389530931,0.4855794441531201,2217,1417,545,926,xgb_optuna,xgb_optuna on test set
2025-12-18T14:05:17,04_lgbm_small_val,val,0.5,0.650935888749169,0.43476591268942155,0.22422767611579247,0.3841519925857275,0.5635622025832767,0.4568751722237531,2305,1329,642,829,lgbm_small,lgbm_small on val set
2025-12-18T14:05:17,04_lgbm_small_test,test,0.5,0.6686438639228347,0.44482537151982415,0.22034312830822306,0.4018867924528302,0.5791978246091094,0.47451963241436923,2366,1268,619,852,lgbm_small,lgbm_small on test set
2025-12-18T16:09:03,05_nn_dense_baseline,256,100,0.001,15,2.469878494349562,dense,"[128, 64]",0.3,bce_weighted,dense_baseline,0.5689569436060475,0.5723115249249198,0.569760929240308,0.3271975731203982,0.24223411083221436,0.2799999999999999,0.3024,0.8993881713120326,0.4526171741361615,58,49.91753005981445,bce_weighted,2.469878494349562,0.0,0.0,PyTorch NN - dense_baseline
2025-12-18T16:09:59,05_nn_embedding_baseline,256,100,0.001,15,2.469878494349562,embedding,8,"[128, 64]",0.3,bce_weighted,embedding_baseline,0.7112692737214217,0.6515043921989131,0.6569840246602168,0.42890258250396596,0.2326112985610962,0.4199999999999998,0.34381251786224637,0.8178110129163834,0.48410462776659957,90,54.5321409702301,bce_weighted,2.469878494349562,0.0,0.0,PyTorch NN - embedding_baseline
2025-12-18T16:10:54,05_nn_embedding_strong_weight,256,100,0.001,15,3.7048177415243435,embedding,8,"[128, 64]",0.3,bce_weighted,embedding_strong_weight,0.7079196985318605,0.6496555868044345,0.6545815878213428,0.4266436306987577,0.272115558385849,0.48999999999999977,0.3399134667387777,0.8545207341944255,0.4863609982588508,79,53.511492013931274,bce_weighted,3.7048177415243435,0.0,0.0,PyTorch NN - embedding_strong_weight
2025-12-18T16:11:26,05_nn_embedding_focal_loss,256,100,0.001,15,2.469878494349562,embedding,8,"[128, 64]",0.3,focal,0.25,2.0,embedding_focal_loss,0.692905306244795,0.647109948454939,0.6515324525863634,0.419251681089951,0.19851520657539368,0.3199999999999999,0.3628102062216008,0.7056424201223658,0.4792243767313019,43,31.44654083251953,focal,2.469878494349562,0.25,2.0,PyTorch NN - embedding_focal_loss
2025-12-18T16:12:14,05_nn_wide_and_deep,256,100,0.001,15,2.469878494349562,wide_deep,8,"[128, 64]",0.3,bce_weighted,0.5,wide_and_deep,0.7140197719568975,0.648548791588768,0.6516820144514737,0.4247016251878715,0.2310839593410492,0.44999999999999984,0.354557207498384,0.7457511896668932,0.4806133625410734,80,47.803053855895996,bce_weighted,2.469878494349562,0.0,0.0,PyTorch NN - wide_and_deep
2025-12-18T16:12:46,05_nn_wide_and_deep_deeper,256,100,0.001,15,2.469878494349562,wide_deep,8,"[256, 128, 64]",0.3,bce_weighted,0.5,wide_and_deep_deeper,0.7137169669034749,0.6455345447688516,0.6525797597806351,0.4242687633698507,0.22734703123569489,0.3999999999999998,0.3456572769953052,0.8008157715839564,0.48288583726173395,29,31.118846893310547,bce_weighted,2.469878494349562,0.0,0.0,PyTorch NN - wide_and_deep_deeper
2025-12-18T16:13:14,05_nn_wide_deep_focal,256,100,0.001,15,2.469878494349562,wide_deep,8,"[128, 64]",0.3,focal,0.25,2.0,0.5,wide_deep_focal,0.6961600542566789,0.645506671450651,0.6523990508854549,0.41759190837197807,0.19782471656799316,0.29999999999999993,0.34862932061978547,0.7953772943575799,0.4847731510254817,37,27.27200675010681,focal,2.469878494349562,0.25,2.0,PyTorch NN - wide_deep_focal
2025-12-18T16:23:48,05_nn_dense_baseline,256,100,0.001,15,2.469878494349562,dense,"[128, 64]",0.3,bce_weighted,dense_baseline,0.6827918410784606,0.6414941295798761,0.6543982599566673,0.4213618419846394,0.22852084040641785,0.43999999999999984,0.3589185829707893,0.7851801495581238,0.4926423544465771,75,44.86692214012146,bce_weighted,2.469878494349562,0.0,0.0,PyTorch NN - dense_baseline
2025-12-18T16:24:32,05_nn_embedding_baseline,256,100,0.001,15,2.469878494349562,embedding,8,"[128, 64]",0.3,bce_weighted,embedding_baseline,0.7201255439865453,0.6383216221747399,0.6492163482062117,0.4190168983593864,0.231354758143425,0.3899999999999999,0.33568904593639576,0.8395649218218899,0.4796116504854369,51,43.78436279296875,bce_weighted,2.469878494349562,0.0,0.0,PyTorch NN - embedding_baseline
2025-12-18T16:25:12,05_nn_embedding_strong_weight,256,100,0.001,15,3.7048177415243435,embedding,8,"[128, 64]",0.3,bce_weighted,embedding_strong_weight,0.7197401639745926,0.6411478643987389,0.6450722031182947,0.41724733945369724,0.2700645923614502,0.45999999999999985,0.336132248753608,0.8708361658735554,0.4850435441120788,45,38.63068699836731,bce_weighted,3.7048177415243435,0.0,0.0,PyTorch NN - embedding_strong_weight
2025-12-18T16:25:59,05_nn_embedding_focal_loss,256,100,0.001,15,2.469878494349562,embedding,8,"[128, 64]",0.3,focal,0.25,2.0,embedding_focal_loss,0.6922363289408447,0.6474170226282707,0.6586597909987515,0.43013413615117657,0.19811642169952393,0.29999999999999993,0.343015214384509,0.8429639700883752,0.4876130554463232,54,46.37479496002197,focal,2.469878494349562,0.25,2.0,PyTorch NN - embedding_focal_loss
2025-12-18T16:26:36,05_nn_wide_and_deep,256,100,0.001,15,2.469878494349562,wide_deep,8,"[128, 64]",0.3,bce_weighted,0.5,wide_and_deep,0.7163226206114415,0.6449069274362121,0.6495503603514956,0.42001876280158923,0.22876906394958496,0.4099999999999998,0.3495693495693496,0.8001359619306594,0.4865646961554361,39,36.053908348083496,bce_weighted,2.469878494349562,0.0,0.0,PyTorch NN - wide_and_deep
2025-12-18T16:27:23,05_nn_wide_and_deep_deeper,256,100,0.001,15,2.469878494349562,wide_deep,8,"[256, 128, 64]",0.3,bce_weighted,0.5,wide_and_deep_deeper,0.7518127438115609,0.6357357639365655,0.6462491493025871,0.4105734275232791,0.2339058667421341,0.3999999999999998,0.34779987944544904,0.7845003399048266,0.4819377740655669,35,45.6933331489563,bce_weighted,2.469878494349562,0.0,0.0,PyTorch NN - wide_and_deep_deeper
2025-12-18T16:28:14,05_nn_wide_deep_focal,256,100,0.001,15,2.469878494349562,wide_deep,8,"[128, 64]",0.3,focal,0.25,2.0,0.5,wide_deep_focal,0.7008335691991481,0.6499398385293065,0.6596291838505361,0.43120171566516274,0.1971052885055542,0.30999999999999994,0.3597217621729049,0.7382732834806254,0.48374164810690423,62,50.544689893722534,focal,2.469878494349562,0.25,2.0,PyTorch NN - wide_deep_focal
2025-12-18T16:53:29,05_nn_dense_baseline,256,100,0.001,15,2.469878494349562,dense,"[128, 64]",0.3,bce_weighted,dense_baseline,0.6820759127679646,0.6417172096601065,0.6545051700328531,0.42034671230443643,0.22969003021717072,0.43999999999999984,0.35818125579956694,0.7872195785180149,0.4923469387755102,75,48.68017792701721,bce_weighted,2.469878494349562,0.0,0.0,PyTorch NN - dense_baseline
2025-12-18T16:54:14,05_nn_embedding_baseline,256,100,0.001,15,2.469878494349562,embedding,8,"[128, 64]",0.3,bce_weighted,embedding_baseline,0.7135126429162975,0.6406208903224213,0.648777109607989,0.4179270214364519,0.23305052518844604,0.4099999999999998,0.340545096937342,0.8239292997960571,0.48190854870775346,51,44.46058893203735,bce_weighted,2.469878494349562,0.0,0.0,PyTorch NN - embedding_baseline
2025-12-18T16:54:58,05_nn_embedding_strong_weight,256,100,0.001,15,3.7048177415243435,embedding,8,"[128, 64]",0.3,bce_weighted,embedding_strong_weight,0.7059666161681728,0.6445290475518809,0.6443076510948975,0.41553014706715397,0.27945107221603394,0.5599999999999997,0.3560226893560227,0.7253569000679809,0.4776186213070725,45,42.80976414680481,bce_weighted,3.7048177415243435,0.0,0.0,PyTorch NN - embedding_strong_weight
2025-12-18T16:55:49,05_nn_embedding_focal_loss,256,100,0.001,15,2.469878494349562,embedding,8,"[128, 64]",0.3,focal,0.25,2.0,embedding_focal_loss,0.6847870805468926,0.6486807689444094,0.66031647627382,0.43575598719290853,0.1983892172574997,0.30999999999999994,0.3574074074074074,0.7872195785180149,0.4916153682869879,54,49.902122020721436,focal,2.469878494349562,0.25,2.0,PyTorch NN - embedding_focal_loss
2025-12-18T16:56:31,05_nn_wide_and_deep,256,100,0.001,15,2.469878494349562,wide_deep,8,"[128, 64]",0.3,bce_weighted,0.5,wide_and_deep,0.6994916084678218,0.6465280695538436,0.6477239097323526,0.4176350871304223,0.23337878286838531,0.4099999999999998,0.339251040221914,0.831407205982325,0.48187549251379036,39,40.12928891181946,bce_weighted,2.469878494349562,0.0,0.0,PyTorch NN - wide_and_deep
2025-12-18T16:57:24,05_nn_wide_and_deep_deeper,256,100,0.001,15,2.469878494349562,wide_deep,8,"[256, 128, 64]",0.3,bce_weighted,0.5,wide_and_deep_deeper,0.725653874467098,0.6433289983152543,0.6493198910359035,0.4179841883688651,0.2311907410621643,0.4299999999999998,0.3549287042777433,0.778382053025153,0.4875452416436023,35,52.69743585586548,bce_weighted,2.469878494349562,0.0,0.0,PyTorch NN - wide_and_deep_deeper
2025-12-18T16:58:25,05_nn_wide_deep_focal,256,100,0.001,15,2.469878494349562,wide_deep,8,"[128, 64]",0.3,focal,0.25,2.0,0.5,wide_deep_focal,0.6947590466860909,0.651253438800482,0.6587921424928923,0.43365685348810207,0.19728022813796997,0.30999999999999994,0.35723556132381573,0.7484704282800816,0.4836371623105645,62,59.38859987258911,focal,2.469878494349562,0.25,2.0,PyTorch NN - wide_deep_focal
2025-12-18T19:21:51,04_dt_baseline_val,val,0.5,0.6284944068165041,0.40209275583061727,0.24000844148812406,0.3674345958609918,0.6397008837525493,0.466765873015873,2014,1620,530,941,dt_baseline,dt_baseline on val set
2025-12-18T19:21:51,04_dt_baseline_test,test,0.5,0.6266709493053557,0.39239774570934316,0.2379736762359986,0.3664795509222133,0.6213460231135283,0.4610340479192938,2054,1580,557,914,dt_baseline,dt_baseline on test set
2025-12-18T19:21:51,04_rf_baseline_val,val,0.5,0.6490694988452216,0.4213723969604998,0.23096958590148978,0.3689469638739431,0.6526172671651937,0.47139700466486617,1992,1642,511,960,rf_baseline,rf_baseline on val set
2025-12-18T19:21:51,04_rf_baseline_test,test,0.5,0.6524870669674241,0.42527168140002636,0.228746042200181,0.378111418411695,0.6505778382053025,0.4782608695652174,2060,1574,514,957,rf_baseline,rf_baseline on test set
2025-12-18T19:21:51,04_xgb_baseline_val,val,0.5,0.6541887423970381,0.4311603399514665,0.22660256922245026,0.3891102257636122,0.5975526852481305,0.471313672922252,2254,1380,592,879,xgb_baseline,xgb_baseline on val set
2025-12-18T19:21:51,04_xgb_baseline_test,test,0.5,0.6646605983896331,0.4454419870005016,0.22317233681678772,0.39686800894854585,0.6029911624745071,0.4786832164058284,2286,1348,584,887,xgb_baseline,xgb_baseline on test set
2025-12-18T19:21:51,04_xgb_optuna_val,val,0.5,0.6585722425899065,0.4374896301265007,0.22838358581066132,0.390625,0.628823929299796,0.4818963271685335,2191,1443,546,925,xgb_optuna,xgb_optuna on val set
2025-12-18T19:21:51,04_xgb_optuna_test,test,0.5,0.6699829056119653,0.44635834380388456,0.22509939968585968,0.3952198036705079,0.6295037389530931,0.4855794441531201,2217,1417,545,926,xgb_optuna,xgb_optuna on test set
2025-12-18T19:21:51,04_lgbm_small_val,val,0.5,0.650935888749169,0.43476591268942155,0.22422767611579247,0.3841519925857275,0.5635622025832767,0.4568751722237531,2305,1329,642,829,lgbm_small,lgbm_small on val set
2025-12-18T19:21:51,04_lgbm_small_test,test,0.5,0.6686438639228347,0.44482537151982415,0.22034312830822306,0.4018867924528302,0.5791978246091094,0.47451963241436923,2366,1268,619,852,lgbm_small,lgbm_small on test set
2025-12-19T01:46:57,04_dt_baseline_val,val,0.5,0.6284944068165041,0.40209275583061727,0.24000844148812406,0.3674345958609918,0.6397008837525493,0.466765873015873,2014,1620,530,941,dt_baseline,dt_baseline on val set
2025-12-19T01:46:57,04_dt_baseline_test,test,0.5,0.6266709493053557,0.39239774570934316,0.2379736762359986,0.3664795509222133,0.6213460231135283,0.4610340479192938,2054,1580,557,914,dt_baseline,dt_baseline on test set
2025-12-19T01:46:57,04_rf_baseline_val,val,0.5,0.6490694988452216,0.4213723969604998,0.23096958590148978,0.3689469638739431,0.6526172671651937,0.47139700466486617,1992,1642,511,960,rf_baseline,rf_baseline on val set
2025-12-19T01:46:57,04_rf_baseline_test,test,0.5,0.6524870669674241,0.42527168140002636,0.228746042200181,0.378111418411695,0.6505778382053025,0.4782608695652174,2060,1574,514,957,rf_baseline,rf_baseline on test set
2025-12-19T01:46:58,04_xgb_baseline_val,val,0.5,0.6541887423970381,0.4311603399514665,0.22660256922245026,0.3891102257636122,0.5975526852481305,0.471313672922252,2254,1380,592,879,xgb_baseline,xgb_baseline on val set
2025-12-19T01:46:58,04_xgb_baseline_test,test,0.5,0.6646605983896331,0.4454419870005016,0.22317233681678772,0.39686800894854585,0.6029911624745071,0.4786832164058284,2286,1348,584,887,xgb_baseline,xgb_baseline on test set
2025-12-19T01:46:58,04_xgb_optuna_val,val,0.5,0.6585722425899065,0.4374896301265007,0.22838358581066132,0.390625,0.628823929299796,0.4818963271685335,2191,1443,546,925,xgb_optuna,xgb_optuna on val set
2025-12-19T01:46:58,04_xgb_optuna_test,test,0.5,0.6699829056119653,0.44635834380388456,0.22509939968585968,0.3952198036705079,0.6295037389530931,0.4855794441531201,2217,1417,545,926,xgb_optuna,xgb_optuna on test set
2025-12-19T01:46:58,04_lgbm_small_val,val,0.5,0.650935888749169,0.43476591268942155,0.22422767611579247,0.3841519925857275,0.5635622025832767,0.4568751722237531,2305,1329,642,829,lgbm_small,lgbm_small on val set
2025-12-19T01:46:58,04_lgbm_small_test,test,0.5,0.6686438639228347,0.44482537151982415,0.22034312830822306,0.4018867924528302,0.5791978246091094,0.47451963241436923,2366,1268,619,852,lgbm_small,lgbm_small on test set
2025-12-19T01:49:14,05_nn_dense_baseline,256,100,0.001,15,2.469878494349562,dense,"[128, 64]",0.3,bce_weighted,dense_baseline,0.6845318798152917,0.6459968864194084,0.6554216222869814,0.4208950883115934,0.23303598165512085,0.43999999999999984,0.35228973361269084,0.8001359619306594,0.48919368246051537,76,48.88652539253235,bce_weighted,2.469878494349562,0.0,0.0,PyTorch NN - dense_baseline
2025-12-19T01:49:45,05_nn_embedding_baseline,256,100,0.001,15,2.469878494349562,embedding,8,"[128, 64]",0.3,bce_weighted,embedding_baseline,0.6891753393319544,0.6436572113137986,0.6486656163351863,0.4205938598028517,0.23252587020397186,0.4099999999999998,0.3417085427135678,0.832087015635622,0.4844646744508213,33,30.189147233963013,bce_weighted,2.469878494349562,0.0,0.0,PyTorch NN - embedding_baseline
2025-12-19T01:50:20,05_nn_embedding_strong_weight,256,100,0.001,15,3.7048177415243435,embedding,8,"[128, 64]",0.3,bce_weighted,embedding_strong_weight,0.6946455715227172,0.6418616271208508,0.6421340934829937,0.40658519250461006,0.27146413922309875,0.5499999999999998,0.35935901807023524,0.7165193745751189,0.4786557674841054,38,34.528095960617065,bce_weighted,3.7048177415243435,0.0,0.0,PyTorch NN - embedding_strong_weight
2025-12-19T01:51:04,05_nn_embedding_focal_loss,256,100,0.001,15,2.469878494349562,embedding,8,"[128, 64]",0.3,focal,0.25,2.0,embedding_focal_loss,0.6930213435148325,0.6477951831164764,0.6596245071192945,0.43441218975790064,0.19768716394901276,0.30999999999999994,0.3579490486939697,0.7545887151597552,0.48556430446194226,49,42.94638180732727,focal,2.469878494349562,0.25,2.0,PyTorch NN - embedding_focal_loss
2025-12-19T01:51:47,05_nn_wide_and_deep,256,100,0.001,15,2.469878494349562,wide_deep,8,"[128, 64]",0.3,bce_weighted,0.5,wide_and_deep,0.706591227957128,0.6502179169689395,0.6495089245126939,0.4208364539212052,0.23580697178840637,0.44999999999999984,0.34914196567862715,0.760707002039429,0.4786142001710864,44,41.890098333358765,bce_weighted,2.469878494349562,0.0,0.0,PyTorch NN - wide_and_deep
2025-12-19T01:52:24,05_nn_wide_and_deep_deeper,256,100,0.001,15,2.469878494349562,wide_deep,8,"[256, 128, 64]",0.3,bce_weighted,0.5,wide_and_deep_deeper,0.7033045771133772,0.6434595726515233,0.647459674417195,0.4125439704861087,0.23148146271705627,0.4299999999999998,0.34952930458548437,0.7824609109449354,0.4832073887489505,27,35.4544198513031,bce_weighted,2.469878494349562,0.0,0.0,PyTorch NN - wide_and_deep_deeper
2025-12-19T01:53:16,05_nn_wide_deep_focal,256,100,0.001,15,2.469878494349562,wide_deep,8,"[128, 64]",0.3,focal,0.25,2.0,0.5,wide_deep_focal,0.6919611531312194,0.6529376232552518,0.6622912728079506,0.43871675765841445,0.19694797694683075,0.30999999999999994,0.37310271796681965,0.7185588035350102,0.49117100371747213,62,52.06442189216614,focal,2.469878494349562,0.25,2.0,PyTorch NN - wide_deep_focal
2025-12-20T04:28:21,04_dt_baseline_val,val,0.5,0.6284944068165041,0.40209275583061727,0.24000844148812406,0.3674345958609918,0.6397008837525493,0.466765873015873,2014,1620,530,941,dt_baseline,dt_baseline on val set
2025-12-20T04:28:21,04_dt_baseline_test,test,0.5,0.6266709493053557,0.39239774570934316,0.2379736762359986,0.3664795509222133,0.6213460231135283,0.4610340479192938,2054,1580,557,914,dt_baseline,dt_baseline on test set
2025-12-20T04:28:21,04_rf_baseline_val,val,0.5,0.6490694988452216,0.4213723969604998,0.23096958590148978,0.3689469638739431,0.6526172671651937,0.47139700466486617,1992,1642,511,960,rf_baseline,rf_baseline on val set
2025-12-20T04:28:21,04_rf_baseline_test,test,0.5,0.6524870669674241,0.42527168140002636,0.228746042200181,0.378111418411695,0.6505778382053025,0.4782608695652174,2060,1574,514,957,rf_baseline,rf_baseline on test set
2025-12-20T04:28:21,04_xgb_baseline_val,val,0.5,0.6541887423970381,0.4311603399514665,0.22660256922245026,0.3891102257636122,0.5975526852481305,0.471313672922252,2254,1380,592,879,xgb_baseline,xgb_baseline on val set
2025-12-20T04:28:21,04_xgb_baseline_test,test,0.5,0.6646605983896331,0.4454419870005016,0.22317233681678772,0.39686800894854585,0.6029911624745071,0.4786832164058284,2286,1348,584,887,xgb_baseline,xgb_baseline on test set
2025-12-20T04:28:21,04_xgb_optuna_val,val,0.5,0.6585722425899065,0.4374896301265007,0.22838358581066132,0.390625,0.628823929299796,0.4818963271685335,2191,1443,546,925,xgb_optuna,xgb_optuna on val set
2025-12-20T04:28:21,04_xgb_optuna_test,test,0.5,0.6699829056119653,0.44635834380388456,0.22509939968585968,0.3952198036705079,0.6295037389530931,0.4855794441531201,2217,1417,545,926,xgb_optuna,xgb_optuna on test set
2025-12-20T04:28:21,04_lgbm_small_val,val,0.5,0.650935888749169,0.43476591268942155,0.22422767611579247,0.3841519925857275,0.5635622025832767,0.4568751722237531,2305,1329,642,829,lgbm_small,lgbm_small on val set
2025-12-20T04:28:21,04_lgbm_small_test,test,0.5,0.6686438639228347,0.44482537151982415,0.22034312830822306,0.4018867924528302,0.5791978246091094,0.47451963241436923,2366,1268,619,852,lgbm_small,lgbm_small on test set
2025-12-20T04:32:19,04_dt_baseline_val,val,0.5,0.6284944068165041,0.40209275583061727,0.24000844148812406,0.3674345958609918,0.6397008837525493,0.466765873015873,2014,1620,530,941,dt_baseline,dt_baseline on val set
2025-12-20T04:32:19,04_dt_baseline_test,test,0.5,0.6266709493053557,0.39239774570934316,0.2379736762359986,0.3664795509222133,0.6213460231135283,0.4610340479192938,2054,1580,557,914,dt_baseline,dt_baseline on test set
2025-12-20T04:32:19,04_rf_baseline_val,val,0.5,0.6490694988452216,0.4213723969604998,0.23096958590148978,0.3689469638739431,0.6526172671651937,0.47139700466486617,1992,1642,511,960,rf_baseline,rf_baseline on val set
2025-12-20T04:32:19,04_rf_baseline_test,test,0.5,0.6524870669674241,0.42527168140002636,0.228746042200181,0.378111418411695,0.6505778382053025,0.4782608695652174,2060,1574,514,957,rf_baseline,rf_baseline on test set
2025-12-20T04:32:19,04_xgb_baseline_val,val,0.5,0.6541887423970381,0.4311603399514665,0.22660256922245026,0.3891102257636122,0.5975526852481305,0.471313672922252,2254,1380,592,879,xgb_baseline,xgb_baseline on val set
2025-12-20T04:32:19,04_xgb_baseline_test,test,0.5,0.6646605983896331,0.4454419870005016,0.22317233681678772,0.39686800894854585,0.6029911624745071,0.4786832164058284,2286,1348,584,887,xgb_baseline,xgb_baseline on test set
2025-12-20T04:32:19,04_xgb_optuna_val,val,0.5,0.6585722425899065,0.4374896301265007,0.22838358581066132,0.390625,0.628823929299796,0.4818963271685335,2191,1443,546,925,xgb_optuna,xgb_optuna on val set
2025-12-20T04:32:19,04_xgb_optuna_test,test,0.5,0.6699829056119653,0.44635834380388456,0.22509939968585968,0.3952198036705079,0.6295037389530931,0.4855794441531201,2217,1417,545,926,xgb_optuna,xgb_optuna on test set
2025-12-20T04:32:19,04_lgbm_small_val,val,0.5,0.650935888749169,0.43476591268942155,0.22422767611579247,0.3841519925857275,0.5635622025832767,0.4568751722237531,2305,1329,642,829,lgbm_small,lgbm_small on val set
2025-12-20T04:32:19,04_lgbm_small_test,test,0.5,0.6686438639228347,0.44482537151982415,0.22034312830822306,0.4018867924528302,0.5791978246091094,0.47451963241436923,2366,1268,619,852,lgbm_small,lgbm_small on test set
2025-12-26T02:30:41,04_dt_baseline_val,val,0.5,0.6317025509137023,0.4036425120591359,0.23815592191361062,0.37078171721486547,0.5900747790618627,0.45540398740818466,2161,1473,603,868,dt_baseline,dt_baseline on val set
2025-12-26T02:30:41,04_dt_baseline_test,test,0.5,0.6250771192981761,0.3934249689089091,0.23820870052004783,0.36798245614035086,0.5703602991162474,0.44734737403359104,2193,1441,632,839,dt_baseline,dt_baseline on test set
2025-12-26T02:30:41,04_rf_baseline_val,val,0.5,0.6490161841090658,0.4215167345114951,0.23136600211634548,0.36599099099099097,0.6628144119646499,0.47158403869407495,1945,1689,496,975,rf_baseline,rf_baseline on val set
2025-12-26T02:30:41,04_rf_baseline_test,test,0.5,0.6534278382240095,0.4289589787839997,0.2289709541625448,0.373933281613654,0.6553365057783821,0.47616695480365523,2020,1614,507,964,rf_baseline,rf_baseline on test set
2025-12-26T02:30:41,04_xgb_baseline_val,val,0.5,0.6571464007689294,0.43591548799966534,0.2261992245912552,0.3856640281442392,0.5961930659415363,0.4683578104138852,2237,1397,594,877,xgb_baseline,xgb_baseline on val set
2025-12-26T02:30:41,04_xgb_baseline_test,test,0.5,0.6636811037983663,0.44544060761365467,0.22331412136554718,0.3935395814376706,0.5880353501019715,0.4715181248296539,2301,1333,606,865,xgb_baseline,xgb_baseline on test set
2025-12-26T02:30:41,04_xgb_optuna_val,val,0.5,0.6576183764858443,0.4373720780481602,0.2318795770406723,0.38209779179810727,0.6587355540448674,0.48365360618916897,2067,1567,502,969,xgb_optuna,xgb_optuna on val set
2025-12-26T02:30:41,04_xgb_optuna_test,test,0.5,0.6690619636958448,0.44394015569422396,0.22788798809051514,0.39063761097659405,0.6580557443915703,0.49025069637883006,2124,1510,503,968,xgb_optuna,xgb_optuna on test set
2025-12-26T02:30:41,04_lgbm_small_val,val,0.5,0.6502394299326513,0.43109971748350107,0.22458519114547548,0.3883051621745089,0.5778382053025153,0.4644808743169399,2295,1339,621,850,lgbm_small,lgbm_small on val set
2025-12-26T02:30:41,04_lgbm_small_test,test,0.5,0.6699733650802321,0.44763220460966935,0.21998297412727033,0.4015044663845792,0.5805574439157036,0.47470817120622566,2361,1273,617,854,lgbm_small,lgbm_small on test set
2025-12-26T02:31:29,05_nn_dense_baseline,256,100,0.001,15,2.469878494349562,dense,"[128, 64]",0.3,bce_weighted,dense_baseline,0.6778151440012685,0.6467368388364741,0.6552801979342316,0.4219414816229108,0.23434597253799438,0.47999999999999976,0.369022869022869,0.7239972807613868,0.48886848749139317,76,48.88652539253235,bce_weighted,2.469878494349562,0.0,0.0,PyTorch NN - dense_baseline
2025-12-26T02:31:30,05_nn_embedding_baseline,256,100,0.001,15,2.469878494349562,embedding,8,"[128, 64]",0.3,bce_weighted,embedding_baseline,0.6830209179683542,0.6425448975552668,0.6489443495171929,0.41917246264200986,0.23287516832351685,0.4199999999999998,0.3464089991346986,0.8164513936097892,0.48643175374645603,33,30.189147233963013,bce_weighted,2.469878494349562,0.0,0.0,PyTorch NN - embedding_baseline
2025-12-26T02:31:30,05_nn_embedding_strong_weight,256,100,0.001,15,3.7048177415243435,embedding,8,"[128, 64]",0.3,bce_weighted,embedding_strong_weight,0.6887392433466754,0.6417296497652094,0.6441920422986023,0.40811672584538555,0.27183711528778076,0.5399999999999998,0.3546191247974068,0.7437117607070021,0.48024582967515367,38,34.528095960617065,bce_weighted,3.7048177415243435,0.0,0.0,PyTorch NN - embedding_strong_weight
2025-12-26T02:31:31,05_nn_embedding_focal_loss,256,100,0.001,15,2.469878494349562,embedding,8,"[128, 64]",0.3,focal,0.25,2.0,embedding_focal_loss,0.6860238677496723,0.6486663646121849,0.6611969176973871,0.43451896375162324,0.19757920503616333,0.29999999999999993,0.3429063756461804,0.8116927260367097,0.4821320411871593,49,42.94638180732727,focal,2.469878494349562,0.25,2.0,PyTorch NN - embedding_focal_loss
2025-12-26T02:31:32,05_nn_wide_and_deep,256,100,0.001,15,2.469878494349562,wide_deep,8,"[128, 64]",0.3,bce_weighted,0.5,wide_and_deep,0.6983330948659499,0.649779052509216,0.6496047975031494,0.4207603015988933,0.2364000529050827,0.45999999999999985,0.35221754613143413,0.7396329027872196,0.47719298245614034,44,41.890098333358765,bce_weighted,2.469878494349562,0.0,0.0,PyTorch NN - wide_and_deep
2025-12-26T02:31:32,05_nn_wide_and_deep_deeper,256,100,0.001,15,2.469878494349562,wide_deep,8,"[256, 128, 64]",0.3,bce_weighted,0.5,wide_and_deep_deeper,0.6957023433281859,0.6422421259746774,0.6475192559732146,0.41101783952654547,0.2327934205532074,0.45999999999999985,0.3591809331990601,0.7273963290278722,0.48089887640449436,27,35.4544198513031,bce_weighted,2.469878494349562,0.0,0.0,PyTorch NN - wide_and_deep_deeper
2025-12-26T02:31:33,05_nn_wide_deep_focal,256,100,0.001,15,2.469878494349562,wide_deep,8,"[128, 64]",0.3,focal,0.25,2.0,0.5,wide_deep_focal,0.6858021556375765,0.653063053187155,0.6614565698159276,0.4356121681984761,0.19700704514980316,0.30999999999999994,0.36438923395445133,0.7178789938817132,0.48340581368734264,62,52.06442189216614,focal,2.469878494349562,0.25,2.0,PyTorch NN - wide_deep_focal
2025-12-26T07:42:50,04_dt_baseline_val,val,0.5,0.6317025509137023,0.4036425120591359,0.23815592191361062,0.37078171721486547,0.5900747790618627,0.45540398740818466,2161,1473,603,868,dt_baseline,dt_baseline on val set
2025-12-26T07:42:51,04_dt_baseline_test,test,0.5,0.6250771192981761,0.3934249689089091,0.23820870052004783,0.36798245614035086,0.5703602991162474,0.44734737403359104,2193,1441,632,839,dt_baseline,dt_baseline on test set
2025-12-26T07:42:51,04_rf_baseline_val,val,0.5,0.6490161841090658,0.4215167345114951,0.23136600211634548,0.36599099099099097,0.6628144119646499,0.47158403869407495,1945,1689,496,975,rf_baseline,rf_baseline on val set
2025-12-26T07:42:51,04_rf_baseline_test,test,0.5,0.6534278382240095,0.4289589787839997,0.2289709541625448,0.373933281613654,0.6553365057783821,0.47616695480365523,2020,1614,507,964,rf_baseline,rf_baseline on test set
2025-12-26T07:42:51,04_xgb_baseline_val,val,0.5,0.6571464007689294,0.43591548799966534,0.2261992245912552,0.3856640281442392,0.5961930659415363,0.4683578104138852,2237,1397,594,877,xgb_baseline,xgb_baseline on val set
2025-12-26T07:42:51,04_xgb_baseline_test,test,0.5,0.6636811037983663,0.44544060761365467,0.22331412136554718,0.3935395814376706,0.5880353501019715,0.4715181248296539,2301,1333,606,865,xgb_baseline,xgb_baseline on test set
2025-12-26T07:42:51,04_xgb_optuna_val,val,0.5,0.6576183764858443,0.4373720780481602,0.2318795770406723,0.38209779179810727,0.6587355540448674,0.48365360618916897,2067,1567,502,969,xgb_optuna,xgb_optuna on val set
2025-12-26T07:42:51,04_xgb_optuna_test,test,0.5,0.6690619636958448,0.44394015569422396,0.22788798809051514,0.39063761097659405,0.6580557443915703,0.49025069637883006,2124,1510,503,968,xgb_optuna,xgb_optuna on test set
2025-12-26T07:42:51,04_lgbm_small_val,val,0.5,0.6502394299326513,0.43109971748350107,0.22458519114547548,0.3883051621745089,0.5778382053025153,0.4644808743169399,2295,1339,621,850,lgbm_small,lgbm_small on val set
2025-12-26T07:42:51,04_lgbm_small_test,test,0.5,0.6699733650802321,0.44763220460966935,0.21998297412727033,0.4015044663845792,0.5805574439157036,0.47470817120622566,2361,1273,617,854,lgbm_small,lgbm_small on test set
2025-12-26T07:43:41,05_nn_dense_baseline,256,100,0.001,15,2.469878494349562,dense,"[128, 64]",0.3,bce_weighted,dense_baseline,0.6778151440012685,0.6467368388364741,0.6552801979342316,0.4219414816229108,0.23434597253799438,0.47999999999999976,0.369022869022869,0.7239972807613868,0.48886848749139317,76,48.88652539253235,bce_weighted,2.469878494349562,0.0,0.0,PyTorch NN - dense_baseline
2025-12-26T07:43:41,05_nn_embedding_baseline,256,100,0.001,15,2.469878494349562,embedding,8,"[128, 64]",0.3,bce_weighted,embedding_baseline,0.6830209179683542,0.6425448975552668,0.6489443495171929,0.41917246264200986,0.23287516832351685,0.4199999999999998,0.3464089991346986,0.8164513936097892,0.48643175374645603,33,30.189147233963013,bce_weighted,2.469878494349562,0.0,0.0,PyTorch NN - embedding_baseline
2025-12-26T07:43:42,05_nn_embedding_strong_weight,256,100,0.001,15,3.7048177415243435,embedding,8,"[128, 64]",0.3,bce_weighted,embedding_strong_weight,0.6887392433466754,0.6417296497652094,0.6441920422986023,0.40811672584538555,0.27183711528778076,0.5399999999999998,0.3546191247974068,0.7437117607070021,0.48024582967515367,38,34.528095960617065,bce_weighted,3.7048177415243435,0.0,0.0,PyTorch NN - embedding_strong_weight
2025-12-26T07:43:43,05_nn_embedding_focal_loss,256,100,0.001,15,2.469878494349562,embedding,8,"[128, 64]",0.3,focal,0.25,2.0,embedding_focal_loss,0.6860238677496723,0.6486663646121849,0.6611969176973871,0.43451896375162324,0.19757920503616333,0.29999999999999993,0.3429063756461804,0.8116927260367097,0.4821320411871593,49,42.94638180732727,focal,2.469878494349562,0.25,2.0,PyTorch NN - embedding_focal_loss
2025-12-26T07:43:44,05_nn_wide_and_deep,256,100,0.001,15,2.469878494349562,wide_deep,8,"[128, 64]",0.3,bce_weighted,0.5,wide_and_deep,0.6983330948659499,0.649779052509216,0.6496047975031494,0.4207603015988933,0.2364000529050827,0.45999999999999985,0.35221754613143413,0.7396329027872196,0.47719298245614034,44,41.890098333358765,bce_weighted,2.469878494349562,0.0,0.0,PyTorch NN - wide_and_deep
2025-12-26T07:43:44,05_nn_wide_and_deep_deeper,256,100,0.001,15,2.469878494349562,wide_deep,8,"[256, 128, 64]",0.3,bce_weighted,0.5,wide_and_deep_deeper,0.6957023433281859,0.6422421259746774,0.6475192559732146,0.41101783952654547,0.2327934205532074,0.45999999999999985,0.3591809331990601,0.7273963290278722,0.48089887640449436,27,35.4544198513031,bce_weighted,2.469878494349562,0.0,0.0,PyTorch NN - wide_and_deep_deeper
2025-12-26T07:43:45,05_nn_wide_deep_focal,256,100,0.001,15,2.469878494349562,wide_deep,8,"[128, 64]",0.3,focal,0.25,2.0,0.5,wide_deep_focal,0.6858021556375765,0.653063053187155,0.6614565698159276,0.4356121681984761,0.19700704514980316,0.30999999999999994,0.36438923395445133,0.7178789938817132,0.48340581368734264,62,52.06442189216614,focal,2.469878494349562,0.25,2.0,PyTorch NN - wide_deep_focal
2025-12-26T08:28:23,05_nn_dense_baseline,256,100,0.001,15,2.469878494349562,dense,"[128, 64]",0.3,bce_weighted,dense_baseline,0.6778151440012685,0.6467368388364741,0.6552801979342316,0.4219414816229108,0.23434597253799438,0.47999999999999976,0.369022869022869,0.7239972807613868,0.48886848749139317,76,48.88652539253235,bce_weighted,2.469878494349562,0.0,0.0,PyTorch NN - dense_baseline
2025-12-26T08:28:25,05_nn_embedding_baseline,256,100,0.001,15,2.469878494349562,embedding,8,"[128, 64]",0.3,bce_weighted,embedding_baseline,0.6830209179683542,0.6425448975552668,0.6489443495171929,0.41917246264200986,0.23287516832351685,0.4199999999999998,0.3464089991346986,0.8164513936097892,0.48643175374645603,33,30.189147233963013,bce_weighted,2.469878494349562,0.0,0.0,PyTorch NN - embedding_baseline
2025-12-26T08:28:26,05_nn_embedding_strong_weight,256,100,0.001,15,3.7048177415243435,embedding,8,"[128, 64]",0.3,bce_weighted,embedding_strong_weight,0.6887392433466754,0.6417296497652094,0.6441920422986023,0.40811672584538555,0.27183711528778076,0.5399999999999998,0.3546191247974068,0.7437117607070021,0.48024582967515367,38,34.528095960617065,bce_weighted,3.7048177415243435,0.0,0.0,PyTorch NN - embedding_strong_weight
2025-12-26T08:28:27,05_nn_embedding_focal_loss,256,100,0.001,15,2.469878494349562,embedding,8,"[128, 64]",0.3,focal,0.25,2.0,embedding_focal_loss,0.6860238677496723,0.6486663646121849,0.6611969176973871,0.43451896375162324,0.19757920503616333,0.29999999999999993,0.3429063756461804,0.8116927260367097,0.4821320411871593,49,42.94638180732727,focal,2.469878494349562,0.25,2.0,PyTorch NN - embedding_focal_loss
2025-12-26T08:28:27,05_nn_wide_and_deep,256,100,0.001,15,2.469878494349562,wide_deep,8,"[128, 64]",0.3,bce_weighted,0.5,wide_and_deep,0.6983330948659499,0.649779052509216,0.6496047975031494,0.4207603015988933,0.2364000529050827,0.45999999999999985,0.35221754613143413,0.7396329027872196,0.47719298245614034,44,41.890098333358765,bce_weighted,2.469878494349562,0.0,0.0,PyTorch NN - wide_and_deep
2025-12-26T08:28:28,05_nn_wide_and_deep_deeper,256,100,0.001,15,2.469878494349562,wide_deep,8,"[256, 128, 64]",0.3,bce_weighted,0.5,wide_and_deep_deeper,0.6957023433281859,0.6422421259746774,0.6475192559732146,0.41101783952654547,0.2327934205532074,0.45999999999999985,0.3591809331990601,0.7273963290278722,0.48089887640449436,27,35.4544198513031,bce_weighted,2.469878494349562,0.0,0.0,PyTorch NN - wide_and_deep_deeper
2025-12-26T08:28:29,05_nn_wide_deep_focal,256,100,0.001,15,2.469878494349562,wide_deep,8,"[128, 64]",0.3,focal,0.25,2.0,0.5,wide_deep_focal,0.6858021556375765,0.653063053187155,0.6614565698159276,0.4356121681984761,0.19700704514980316,0.30999999999999994,0.36438923395445133,0.7178789938817132,0.48340581368734264,62,52.06442189216614,focal,2.469878494349562,0.25,2.0,PyTorch NN - wide_deep_focal
2025-12-27T16:45:51,04_dt_baseline_val,val,0.5,0.6317025509137023,0.4036425120591359,0.23815592191361062,0.37078171721486547,0.5900747790618627,0.45540398740818466,2161,1473,603,868,dt_baseline,dt_baseline on val set
2025-12-27T16:45:51,04_dt_baseline_test,test,0.5,0.6250771192981761,0.3934249689089091,0.23820870052004783,0.36798245614035086,0.5703602991162474,0.44734737403359104,2193,1441,632,839,dt_baseline,dt_baseline on test set
2025-12-27T16:45:51,04_rf_baseline_val,val,0.5,0.6490161841090658,0.4215167345114951,0.23136600211634548,0.36599099099099097,0.6628144119646499,0.47158403869407495,1945,1689,496,975,rf_baseline,rf_baseline on val set
2025-12-27T16:45:51,04_rf_baseline_test,test,0.5,0.6534278382240095,0.4289589787839997,0.2289709541625448,0.373933281613654,0.6553365057783821,0.47616695480365523,2020,1614,507,964,rf_baseline,rf_baseline on test set
2025-12-27T16:45:51,04_xgb_baseline_val,val,0.5,0.6571464007689294,0.43591548799966534,0.2261992245912552,0.3856640281442392,0.5961930659415363,0.4683578104138852,2237,1397,594,877,xgb_baseline,xgb_baseline on val set
2025-12-27T16:45:51,04_xgb_baseline_test,test,0.5,0.6636811037983663,0.44544060761365467,0.22331412136554718,0.3935395814376706,0.5880353501019715,0.4715181248296539,2301,1333,606,865,xgb_baseline,xgb_baseline on test set
2025-12-27T16:45:51,04_xgb_optuna_val,val,0.5,0.6576183764858443,0.4373720780481602,0.2318795770406723,0.38209779179810727,0.6587355540448674,0.48365360618916897,2067,1567,502,969,xgb_optuna,xgb_optuna on val set
2025-12-27T16:45:51,04_xgb_optuna_test,test,0.5,0.6690619636958448,0.44394015569422396,0.22788798809051514,0.39063761097659405,0.6580557443915703,0.49025069637883006,2124,1510,503,968,xgb_optuna,xgb_optuna on test set
2025-12-27T16:45:51,04_lgbm_small_val,val,0.5,0.6502394299326513,0.43109971748350107,0.22458519114547548,0.3883051621745089,0.5778382053025153,0.4644808743169399,2295,1339,621,850,lgbm_small,lgbm_small on val set
2025-12-27T16:45:51,04_lgbm_small_test,test,0.5,0.6699733650802321,0.44763220460966935,0.21998297412727033,0.4015044663845792,0.5805574439157036,0.47470817120622566,2361,1273,617,854,lgbm_small,lgbm_small on test set
2025-12-27T19:55:01,04_dt_baseline_val,val,0.5,0.6317025509137023,0.4036425120591359,0.23815592191361062,0.37078171721486547,0.5900747790618627,0.45540398740818466,2161,1473,603,868,dt_baseline,dt_baseline on val set
2025-12-27T19:55:01,04_dt_baseline_test,test,0.5,0.6250771192981761,0.3934249689089091,0.23820870052004783,0.36798245614035086,0.5703602991162474,0.44734737403359104,2193,1441,632,839,dt_baseline,dt_baseline on test set
2025-12-27T19:55:01,04_rf_baseline_val,val,0.5,0.6490161841090658,0.4215167345114951,0.23136600211634548,0.36599099099099097,0.6628144119646499,0.47158403869407495,1945,1689,496,975,rf_baseline,rf_baseline on val set
2025-12-27T19:55:01,04_rf_baseline_test,test,0.5,0.6534278382240095,0.4289589787839997,0.22897095416254473,0.373933281613654,0.6553365057783821,0.47616695480365523,2020,1614,507,964,rf_baseline,rf_baseline on test set
2025-12-27T19:55:01,04_xgb_baseline_val,val,0.5,0.6571464007689294,0.43591548799966534,0.2261992245912552,0.3856640281442392,0.5961930659415363,0.4683578104138852,2237,1397,594,877,xgb_baseline,xgb_baseline on val set
2025-12-27T19:55:01,04_xgb_baseline_test,test,0.5,0.6636811037983663,0.44544060761365467,0.22331412136554718,0.3935395814376706,0.5880353501019715,0.4715181248296539,2301,1333,606,865,xgb_baseline,xgb_baseline on test set
2025-12-27T19:55:01,04_xgb_optuna_val,val,0.5,0.6576183764858443,0.4373720780481602,0.2318795770406723,0.38209779179810727,0.6587355540448674,0.48365360618916897,2067,1567,502,969,xgb_optuna,xgb_optuna on val set
2025-12-27T19:55:01,04_xgb_optuna_test,test,0.5,0.6690619636958448,0.44394015569422396,0.22788798809051514,0.39063761097659405,0.6580557443915703,0.49025069637883006,2124,1510,503,968,xgb_optuna,xgb_optuna on test set
2025-12-27T19:55:01,04_lgbm_small_val,val,0.5,0.6502394299326513,0.43109971748350107,0.22458519114547548,0.3883051621745089,0.5778382053025153,0.4644808743169399,2295,1339,621,850,lgbm_small,lgbm_small on val set
2025-12-27T19:55:01,04_lgbm_small_test,test,0.5,0.6699733650802321,0.44763220460966935,0.21998297412727033,0.4015044663845792,0.5805574439157036,0.47470817120622566,2361,1273,617,854,lgbm_small,lgbm_small on test set
2025-12-27T20:02:35,04_dt_baseline_val,val,0.5,0.6317025509137023,0.4036425120591359,0.23815592191361062,0.37078171721486547,0.5900747790618627,0.45540398740818466,2161,1473,603,868,dt_baseline,dt_baseline on val set
2025-12-27T20:02:35,04_dt_baseline_test,test,0.5,0.6250771192981761,0.3934249689089091,0.23820870052004783,0.36798245614035086,0.5703602991162474,0.44734737403359104,2193,1441,632,839,dt_baseline,dt_baseline on test set
2025-12-27T20:02:35,04_rf_baseline_val,val,0.5,0.6490161841090658,0.4215167345114951,0.23136600211634548,0.36599099099099097,0.6628144119646499,0.47158403869407495,1945,1689,496,975,rf_baseline,rf_baseline on val set
2025-12-27T20:02:35,04_rf_baseline_test,test,0.5,0.6534278382240095,0.4289589787839997,0.2289709541625448,0.373933281613654,0.6553365057783821,0.47616695480365523,2020,1614,507,964,rf_baseline,rf_baseline on test set
2025-12-27T20:02:35,04_xgb_baseline_val,val,0.5,0.6571464007689294,0.43591548799966534,0.2261992245912552,0.3856640281442392,0.5961930659415363,0.4683578104138852,2237,1397,594,877,xgb_baseline,xgb_baseline on val set
2025-12-27T20:02:35,04_xgb_baseline_test,test,0.5,0.6636811037983663,0.44544060761365467,0.22331412136554718,0.3935395814376706,0.5880353501019715,0.4715181248296539,2301,1333,606,865,xgb_baseline,xgb_baseline on test set
2025-12-27T20:02:35,04_xgb_optuna_val,val,0.5,0.6576183764858443,0.4373720780481602,0.2318795770406723,0.38209779179810727,0.6587355540448674,0.48365360618916897,2067,1567,502,969,xgb_optuna,xgb_optuna on val set
2025-12-27T20:02:35,04_xgb_optuna_test,test,0.5,0.6690619636958448,0.44394015569422396,0.22788798809051514,0.39063761097659405,0.6580557443915703,0.49025069637883006,2124,1510,503,968,xgb_optuna,xgb_optuna on test set
2025-12-27T20:02:35,04_lgbm_small_val,val,0.5,0.6502394299326513,0.43109971748350107,0.22458519114547548,0.3883051621745089,0.5778382053025153,0.4644808743169399,2295,1339,621,850,lgbm_small,lgbm_small on val set
2025-12-27T20:02:35,04_lgbm_small_test,test,0.5,0.6699733650802321,0.44763220460966935,0.21998297412727033,0.4015044663845792,0.5805574439157036,0.47470817120622566,2361,1273,617,854,lgbm_small,lgbm_small on test set
2025-12-27T20:07:11,04_dt_baseline_val,val,0.5,0.6317025509137023,0.4036425120591359,0.23815592191361062,0.37078171721486547,0.5900747790618627,0.45540398740818466,2161,1473,603,868,dt_baseline,dt_baseline on val set
2025-12-27T20:07:11,04_dt_baseline_test,test,0.5,0.6250771192981761,0.3934249689089091,0.23820870052004783,0.36798245614035086,0.5703602991162474,0.44734737403359104,2193,1441,632,839,dt_baseline,dt_baseline on test set
2025-12-27T20:07:11,04_rf_baseline_val,val,0.5,0.6490161841090658,0.4215167345114951,0.23136600211634548,0.36599099099099097,0.6628144119646499,0.47158403869407495,1945,1689,496,975,rf_baseline,rf_baseline on val set
2025-12-27T20:07:11,04_rf_baseline_test,test,0.5,0.6534278382240095,0.4289589787839997,0.22897095416254473,0.373933281613654,0.6553365057783821,0.47616695480365523,2020,1614,507,964,rf_baseline,rf_baseline on test set
2025-12-27T20:07:11,04_xgb_baseline_val,val,0.5,0.6571464007689294,0.43591548799966534,0.2261992245912552,0.3856640281442392,0.5961930659415363,0.4683578104138852,2237,1397,594,877,xgb_baseline,xgb_baseline on val set
2025-12-27T20:07:11,04_xgb_baseline_test,test,0.5,0.6636811037983663,0.44544060761365467,0.22331412136554718,0.3935395814376706,0.5880353501019715,0.4715181248296539,2301,1333,606,865,xgb_baseline,xgb_baseline on test set
2025-12-27T20:07:11,04_xgb_optuna_val,val,0.5,0.6576183764858443,0.4373720780481602,0.2318795770406723,0.38209779179810727,0.6587355540448674,0.48365360618916897,2067,1567,502,969,xgb_optuna,xgb_optuna on val set
2025-12-27T20:07:11,04_xgb_optuna_test,test,0.5,0.6690619636958448,0.44394015569422396,0.22788798809051514,0.39063761097659405,0.6580557443915703,0.49025069637883006,2124,1510,503,968,xgb_optuna,xgb_optuna on test set
2025-12-27T20:07:11,04_lgbm_small_val,val,0.5,0.6502394299326513,0.43109971748350107,0.22458519114547548,0.3883051621745089,0.5778382053025153,0.4644808743169399,2295,1339,621,850,lgbm_small,lgbm_small on val set
2025-12-27T20:07:11,04_lgbm_small_test,test,0.5,0.6699733650802321,0.44763220460966935,0.21998297412727033,0.4015044663845792,0.5805574439157036,0.47470817120622566,2361,1273,617,854,lgbm_small,lgbm_small on test set
